JOSE STÉDILE,RS,PSB,106.03
BENITO GAMA,BA,PTB,46.82
LUCIO VIEIRA LIMA,BA,PMDB,332.0
FABIO REIS,SE,PMDB,80.0
LUIZA ERUNDINA,SP,PSOL,5.7
MAURO MARIANI,SC,PMDB,526.68
MAJOR OLIMPIO,SP,SD,38.1
BETINHO GOMES,PE,PSDB,12000.0
PAULO ABI-ACKEL,MG,PSDB,972.72
EZEQUIEL TEIXEIRA,RJ,PTN,50.0
ADELMO CARNEIRO LEÃO,MG,PT,709.72
HISSA ABRAHÃO,AM,PDT,1379.58
PAES LANDIM,PI,PTB,1091.66
ANDRES SANCHEZ,SP,PT,61.4
JOZI ARAÚJO,AP,PTN,141.0
ROBERTO FREIRE,SP,PPS,161.88
ELIZIANE GAMA,MA,PPS,546.73
CACÁ LEÃO,BA,PP,-77.5
DIMAS FABIANO,MG,PP,185.0
SILVIO TORRES,SP,PSDB,233.0
RICARDO TEOBALDO ,PE,PTN,50.0
ZECA DIRCEU,PR,PT,499.29
ROCHA,AC,PSDB,152.9
LAUDIVIO CARVALHO,MG,SD,15.6
CRISTIANE BRASIL,RJ,PTB,240.45
FÁBIO SOUSA,GO,PSDB,80.0
CARLOS MANATO,ES,SD,-124.9
GONZAGA PATRIOTA,PE,PSB,6.0
LUIZ COUTO,PB,PT,868.83
EZEQUIEL TEIXEIRA,RJ,PTN,710.45
MAURO LOPES,MG,PMDB,92.6
MARCIO ALVINO,SP,PR,5.2
RÔNEY NEMER,DF,PP,56.99
MARCUS PESTANA,MG,PSDB,22.07
ANDERSON FERREIRA,PE,PR,665.63
MAX FILHO,ES,PSDB,164.35
PAULO FOLETTO,ES,PSB,130.0
MOEMA GRAMACHO,BA,PT,18.1
DARCÍSIO PERONDI,RS,PMDB,194.66
ANTÔNIO JÁCOME,RN,PTN,70.0
WALDENOR PEREIRA,BA,PT,-21.76
BALEIA ROSSI,SP,PMDB,616.75
LOBBE NETO,SP,PSDB,42.9
RAUL JUNGMANN,PE,PPS,-886.58
FRANCISCO CHAPADINHA,PA,PTN,110.5
INDIO DA COSTA,RJ,PSD,2202.21
ENIO VERRI,PR,PT,-217.0
LEONARDO QUINTÃO,MG,PMDB,200.0
GABRIEL GUIMARÃES,MG,PT,52.26
FELIPE BORNIER,RJ,PROS,-15.0
TADEU ALENCAR,PE,PSB,494.63
EDMILSON RODRIGUES,PA,PSOL,50.0
SÉRGIO REIS,SP,PRB,39.32
MARCELO CASTRO,PI,PMDB,235.03
RENZO BRAZ,MG,PP,248.3
MARA GABRILLI,SP,PSDB,400.0
CARLOS ANDRADE,RR,PHS,1643.73
JUTAHY JUNIOR,BA,PSDB,65.8
MAX FILHO,ES,PSDB,-17.25
BONIFÁCIO DE ANDRADA,MG,PSDB,776.35
POMPEO DE MATTOS,RS,PDT,6800.0
EZEQUIEL TEIXEIRA,RJ,PTN,82.03
MAJOR OLIMPIO,SP,SD,9945.0
RODRIGO MAIA,RJ,DEM,100.0
CARLOS HENRIQUE GAGUIM,TO,PTN,135.09
JOÃO DERLY,RS,REDE,606.05
ANTONIO CARLOS MENDES THAME,SP,PV,29.35
DANIEL VILELA,GO,PMDB,200.0
LUIZ COUTO,PB,PT,215.97
JOSÉ ROCHA,BA,PR,68.0
ADAIL CARNEIRO,CE,PP,16.3
BETO SALAME,PA,PP,130.0
JOSÉ OTÁVIO GERMANO,RS,PP,1054.58
CAPITÃO AUGUSTO,SP,PR,169.5
ZECA CAVALCANTI,PE,PTB,120.0
JAIME MARTINS,MG,PSD,2000.0
JORGE SOLLA,BA,PT,3.7
ARLINDO CHINAGLIA,SP,PT,25.0
CAJAR NARDES,RS,PR,12.6
FAUSTO PINATO,SP,PP,130.06
DANILO FORTE,CE,PSB,32.0
VANDERLEI MACRIS,SP,PSDB,50.03
PAULO MALUF,SP,PP,488.48
ANTONIO BRITO,BA,PSD,109.61
KEIKO OTA,SP,PSB,2.2
MARCO MAIA,RS,PT,50.0
WALDENOR PEREIRA,BA,PT,150.0
LUIZ CARLOS RAMOS ,RJ,PTN,61.8
CHICO LOPES,CE,PCdoB,101.74
RAQUEL MUNIZ,MG,PSD,30.0
ANTÔNIO JÁCOME,RN,PTN,120.0
MARCIO ALVINO,SP,PR,3.5
CAPITÃO AUGUSTO,SP,PR,71.65
FELIPE MAIA,RN,DEM,24.0
JOSE STÉDILE,RS,PSB,150.0
GIOVANI CHERINI,RS,PR,5480.0
JÔ MORAES,MG,PCdoB,50.0
JOSÉ GUIMARÃES,CE,PT,2000.0
MÁRIO HERINGER,MG,PDT,5000.0
LEÔNIDAS CRISTINO,CE,PDT,2490.0
RICARDO IZAR,SP,PP,704.78
JOSE STÉDILE,RS,PSB,9.7
CLARISSA GAROTINHO,RJ,PRB,39.1
MARCUS PESTANA,MG,PSDB,215.73
SIMÃO SESSIM,RJ,PP,-859.27
JARBAS VASCONCELOS,PE,PMDB,198.33
SIMÃO SESSIM,RJ,PP,23.0
MARCUS PESTANA,MG,PSDB,169.42
MISAEL VARELLA,MG,DEM,52.19
MARGARIDA SALOMÃO,MG,PT,33.75
PAULO ABI-ACKEL,MG,PSDB,426.2
MARCELO ÁLVARO ANTÔNIO,MG,PR,160.0
ZECA DIRCEU,PR,PT,18.9
JOÃO CARLOS BACELAR,BA,PR,576.58
FLÁVIA MORAIS,GO,PDT,484.91
JOÃO FERNANDO COUTINHO,PE,PSB,130.0
VINICIUS GURGEL,AP,PR,5000.0
ELI CORRÊA FILHO,SP,DEM,7888.18
ROBERTO BRITTO,BA,PP,131.0
VANDERLEI MACRIS,SP,PSDB,50.0
DÉCIO LIMA,SC,PT,62.76
BETO MANSUR,SP,PRB,32.7
ANDERSON FERREIRA,PE,PR,120.0
ANGELA ALBINO,SC,PCdoB,368.19
EDUARDO CUNHA,RJ,PMDB,62.9
GIACOBO,PR,PR,350.05
DR. SINVAL MALHEIROS,SP,PTN,-14.1
ROBERTO FREIRE,SP,PPS,100.0
VICENTINHO,SP,PT,143.14
ALESSANDRO MOLON,RJ,REDE,57.0
AUGUSTO COUTINHO ,PE,SD,200.0
ARNON BEZERRA,CE,PTB,30.39
VINICIUS CARVALHO,SP,PRB,298.9
SÉRGIO REIS,SP,PRB,591.06
MARCUS PESTANA,MG,PSDB,205.02
CARLOS MELLES,MG,DEM,108.07
DELEGADO EDSON MOREIRA,MG,PR,357.17
LAERCIO OLIVEIRA,SE,SD,365.13
SANDRO ALEX,PR,PSD,497.58
MARCO MAIA,RS,PT,50.0
VICENTE ARRUDA,CE,PDT,485.58
HÉLIO LEITE,PA,DEM,1220.0
SÁGUAS MORAES,MT,PT,96.0
EDMILSON RODRIGUES,PA,PSOL,1421.63
ANTONIO BULHÕES,SP,PRB,49.49
MARCON,RS,PT,100.0
RICARDO BENTINHO,SP,PRB,966.68
VINICIUS CARVALHO,SP,PRB,255.0
ANTONIO IMBASSAHY,BA,PSDB,-50.0
CAJAR NARDES,RS,PR,100.0
JOSÉ GUIMARÃES,CE,PT,40.0
MARCON,RS,PT,227.33
ANTONIO IMBASSAHY,BA,PSDB,62.28
JULIO LOPES,RJ,PP,-1438.58
BILAC PINTO,MG,PR,-144.03
ZÉ SILVA,MG,SD,172.11
ELI CORRÊA FILHO,SP,DEM,927.63
SANDES JÚNIOR,GO,PP,391.0
LEONARDO QUINTÃO,MG,PMDB,100.0
GIACOBO,PR,PR,972.69
SÉRGIO MORAES,RS,PTB,406.87
ARNALDO JORDY,PA,PPS,280.0
HUGO MOTTA,PB,PMDB,5000.0
JOSUÉ BENGTSON,PA,PTB,20.0
MIGUEL LOMBARDI,SP,PR,140.0
SILAS FREIRE,PI,PR,421.66
JOÃO ARRUDA,PR,PMDB,100.0
JOÃO CAMPOS,GO,PRB,799.63
ALCEU MOREIRA,RS,PMDB,132.0
MÁRIO NEGROMONTE JR.,BA,PP,123.9
BENJAMIN MARANHÃO,PB,SD,71.25
RENATO MOLLING,RS,PP,3428.31
LUIZ FERNANDO FARIA,MG,PP,23.75
ANGELIM,AC,PT,2500.0
SÁGUAS MORAES,MT,PT,76.12
GABRIEL GUIMARÃES,MG,PT,70.0
HEITOR SCHUCH,RS,PSB,1054.69
CHICO LOPES,CE,PCdoB,130.6
LAURA CARNEIRO,RJ,PMDB,1405.63
NILSON PINTO,PA,PSDB,92.0
WALDIR MARANHÃO,MA,PP,49.42
RUBENS BUENO,PR,PPS,38.19
ELIZEU DIONIZIO,MS,PSDB,1750.62
EVANDRO ROMAN,PR,PSD,213.6
LUCIO MOSQUINI,RO,PMDB,200.0
RONALDO NOGUEIRA,RS,PTB,1490.0
BRUNA FURLAN,SP,PSDB,209.22
GLAUBER BRAGA,RJ,PSOL,992.3
MAJOR OLIMPIO,SP,SD,44.5
EDINHO BEZ,SC,PMDB,2543.75
GIOVANI CHERINI,RS,PR,100.0
MARCO MAIA,RS,PT,100.0
ALEXANDRE LEITE,SP,DEM,423.0
FERNANDO TORRES,BA,PSD,22.08
VICENTE ARRUDA,CE,PDT,447.58
MÁRCIO MARINHO,BA,PRB,202.38
FRANCISCO CHAPADINHA,PA,PTN,1.7
MARCELO CASTRO,PI,PMDB,374.73
MARCELO MATOS,RJ,PHS,1.28
FÁBIO RAMALHO,MG,PMDB,194.1
VANDERLEI MACRIS,SP,PSDB,20.0
LUCIO MOSQUINI,RO,PMDB,187.78
OTAVIO LEITE,RJ,PSDB,118.67
LUIZIANNE LINS,CE,PT,132.8
VICENTE ARRUDA,CE,PDT,642.68
CABO SABINO,CE,PR,150.01
DR. JORGE SILVA,ES,PHS,5181.85
LUIS CARLOS HEINZE,RS,PP,2.35
BALEIA ROSSI,SP,PMDB,80.0
EVAIR VIEIRA DE MELO,ES,PV,155.15
CACÁ LEÃO,BA,PP,0.16
MARCON,RS,PT,130.0
ALEXANDRE SERFIOTIS,RJ,PMDB,59.41
DIEGO GARCIA,PR,PHS,179.0
SIMONE MORGADO,PA,PMDB,130.0
CÉSAR MESSIAS,AC,PSB,90.99
PEDRO CUNHA LIMA,PB,PSDB,4500.0
ZECA CAVALCANTI,PE,PTB,37.5
DÉCIO LIMA,SC,PT,638.9
PAUDERNEY AVELINO,AM,DEM,-448.63
DELEGADO EDSON MOREIRA,MG,PR,100.0
DAMIÃO FELICIANO,PB,PDT,120.01
ALEXANDRE SERFIOTIS,RJ,PMDB,150.0
SÁGUAS MORAES,MT,PT,14.13
VANDERLEI MACRIS,SP,PSDB,277.58
ROCHA,AC,PSDB,199.54
ANTÔNIO JÁCOME,RN,PTN,175.85
JOSÉ CARLOS ARAÚJO,BA,PR,216.8
HUGO LEAL,RJ,PSB,11.2
LUCIO MOSQUINI,RO,PMDB,154.69
CHRISTIANE DE SOUZA YARED,PR,PR,18.0
MARIA HELENA,RR,PSB,6000.0
SÉRGIO MORAES,RS,PTB,132.04
AGUINALDO RIBEIRO,PB,PP,1378.69
PEDRO UCZAI,SC,PT,50.0
JANDIRA FEGHALI,RJ,PCdoB,968.58
ADEMIR CAMILO,MG,PTN,32.0
DANRLEI DE DEUS HINTERHOLZ,RS,PSD,614.0
CAIO NARCIO,MG,PSDB,54.0
CARLOS SAMPAIO,SP,PSDB,2405.02
ZÉ SILVA,MG,SD,4.8
VANDERLEI MACRIS,SP,PSDB,100.0
LINDOMAR GARÇON,RO,PRB,273.75
GIOVANI CHERINI,RS,PR,100.0
JORGE BOEIRA,SC,PP,130.0
ONYX LORENZONI,RS,DEM,1420.63
BOHN GASS,RS,PT,211.35
LINCOLN PORTELA,MG,PRB,100.0
PAULO MARTINS,PR,PSDB,173.02
MARCO MAIA,RS,PT,4174.86
LAUDIVIO CARVALHO,MG,SD,25.46
AFONSO HAMM,RS,PP,171.0
ZÉ CARLOS,MA,PT,818.69
ANTÔNIO JÁCOME,RN,PTN,181.65
DR. SINVAL MALHEIROS,SP,PTN,6.6
WILSON FILHO,PB,PTB,137.39
JOÃO PAULO PAPA,SP,PSDB,23.0
LUCIANA SANTOS,PE,PCdoB,605.63
RENATA ABREU,SP,PTN,1104.11
JOSÉ OTÁVIO GERMANO,RS,PP,140.78
ROGÉRIO ROSSO,DF,PSD,20.7
ALEX MANENTE,SP,PPS,136.03
MÁRIO NEGROMONTE JR.,BA,PP,50.0
JOSE STÉDILE,RS,PSB,13.0
WELITON PRADO,MG,PMB,7500.0
MANOEL JUNIOR,PB,PMDB,3000.0
PAUDERNEY AVELINO,AM,DEM,190.66
EVAIR VIEIRA DE MELO,ES,PV,2219.12
ADELMO CARNEIRO LEÃO,MG,PT,107.28
JORGE SOLLA,BA,PT,429.21
ALEXANDRE SERFIOTIS,RJ,PMDB,100.85
ARNALDO FARIA DE SÁ,SP,PTB,13.85
GENECIAS NORONHA,CE,SD,-1140.58
MARINALDO ROSENDO,PE,PSB,80.0
ANA PERUGINI,SP,PT,7.9
BILAC PINTO,MG,PR,775.5
EDUARDO DA FONTE,PE,PP,267.55
MARQUINHO MENDES,RJ,PMDB,157.68
BENJAMIN MARANHÃO,PB,SD,268.91
MARCOS ABRÃO,GO,PPS,87.5
ANDERSON FERREIRA,PE,PR,4000.0
BENITO GAMA,BA,PTB,276.27
BOHN GASS,RS,PT,35.5
ROBERTO FREIRE,SP,PPS,150.54
ADALBERTO CAVALCANTI,PE,PTB,9900.0
AFONSO MOTTA,RS,PDT,1279.27
ROGÉRIO MARINHO,RN,PSDB,50.0
JÉSSICA SALES,AC,PMDB,1523.79
BALEIA ROSSI,SP,PMDB,676.79
VALDIR COLATTO,SC,PMDB,491.76
JORGINHO MELLO,SC,PR,468.61
MARCUS PESTANA,MG,PSDB,193.65
ELI CORRÊA FILHO,SP,DEM,261.33
MOEMA GRAMACHO,BA,PT,-233.21
LUIZ FERNANDO FARIA,MG,PP,67.2
CREUZA PEREIRA,PE,PSB,190.05
DULCE MIRANDA,TO,PMDB,-308.73
AUREO,RJ,SD,408.01
SÉRGIO REIS,SP,PRB,30.39
JUSCELINO FILHO,MA,DEM,335.33
ANDRÉ FUFUCA,MA,PP,130.0
MARCELO MATOS,RJ,PHS,385.83
LUIZ CLÁUDIO,RO,PR,1680.0
MARCELO SQUASSONI,SP,PRB,49.06
EDINHO ARAÚJO,SP,PMDB,197.99
AFONSO MOTTA,RS,PDT,30.0
MARIA DO ROSÁRIO,RS,PT,30.3
KEIKO OTA,SP,PSB,500.89
MARINHA RAUPP,RO,PMDB,130.0
MARCO MAIA,RS,PT,183.64
GIVALDO VIEIRA,ES,PT,880.0
DIEGO GARCIA,PR,PHS,15.0
VITOR LIPPI,SP,PSDB,570.49
ANTÔNIO JÁCOME,RN,PTN,200.0
VICENTE ARRUDA,CE,PDT,677.58
LAERCIO OLIVEIRA,SE,SD,464.35
JULIO LOPES,RJ,PP,539.63
LUCIANA SANTOS,PE,PCdoB,112.0
CACÁ LEÃO,BA,PP,137.73
RONALDO MARTINS,CE,PRB,785.76
CARLOS EDUARDO CADOCA,PE,PDT,200.0
ROSANGELA GOMES,RJ,PRB,163.03
LUIZA ERUNDINA,SP,PSOL,76.01
ROBERTO BRITTO,BA,PP,-587.69
MARIANA CARVALHO,RO,PSDB,1275.66
WILLIAM WOO,SP,PP,50.0
SÉRGIO REIS,SP,PRB,953.0
GORETE PEREIRA,CE,PR,-48.11
ANA PERUGINI,SP,PT,3000.0
TEREZA CRISTINA,MS,PSB,357.84
VALDIR COLATTO,SC,PMDB,10.86
JANETE CAPIBERIBE,AP,PSB,21.0
TENENTE LÚCIO,MG,PSB,3500.0
TIRIRICA,SP,PR,1291.89
SILAS FREIRE,PI,PR,450.0
CAETANO,BA,PT,274.63
ONYX LORENZONI,RS,DEM,31.15
RAFAEL MOTTA,RN,PSB,130.0
CAPITÃO AUGUSTO,SP,PR,1000.0
WALDENOR PEREIRA,BA,PT,34.36
HEITOR SCHUCH,RS,PSB,40.0
HISSA ABRAHÃO,AM,PDT,100.0
MARGARIDA SALOMÃO,MG,PT,173.31
LEONARDO PICCIANI,RJ,PMDB,1371.98
WLADIMIR COSTA,PA,SD,714.58
SILVIO TORRES,SP,PSDB,80.0
EFRAIM FILHO,PB,DEM,619.66
AFONSO FLORENCE,BA,PT,1223.54
DELEGADO FRANCISCHINI,PR,SD,98.05
CÍCERO ALMEIDA,AL,PMDB,100.0
MARX BELTRÃO,AL,PMDB,487.58
HÉLIO LEITE,PA,DEM,1637.31
CARMEN ZANOTTO,SC,PPS,860.0
LUCIANA SANTOS,PE,PCdoB,116.25
JOSE STÉDILE,RS,PSB,235.84
ROGÉRIO MARINHO,RN,PSDB,1097.73
ZECA DIRCEU,PR,PT,1535.69
DANILO FORTE,CE,PSB,1500.0
VICENTE ARRUDA,CE,PDT,130.0
JÚLIA MARINHO,PA,PSC,55200.0
MAURO MARIANI,SC,PMDB,120.1
EFRAIM FILHO,PB,DEM,8000.0
FLAVIO NOGUEIRA,PI,PDT,1325.73
DANIEL ALMEIDA,BA,PCdoB,649.58
TADEU ALENCAR,PE,PSB,51.3
JOSÉ NUNES,BA,PSD,64.9
JOÃO MARCELO SOUZA,MA,PMDB,102.1
JOÃO MARCELO SOUZA,MA,PMDB,196.65
MARQUINHO MENDES,RJ,PMDB,80.0
VINICIUS CARVALHO,SP,PRB,42.83
LUCIANO DUCCI,PR,PSB,365.83
EDUARDO CUNHA,RJ,PMDB,92.81
VANDER LOUBET,MS,PT,10.9
ALCEU MOREIRA,RS,PMDB,289.72
CARLOS SAMPAIO,SP,PSDB,1295.79
RONALDO CARLETTO,BA,PP,200.0
TADEU ALENCAR,PE,PSB,100.0
MISAEL VARELLA,MG,DEM,64.73
EDIO LOPES,RR,PR,1081.0
BENJAMIN MARANHÃO,PB,SD,50.0
MOISÉS DINIZ,AC,PCdoB,1500.0
MAJOR OLIMPIO,SP,SD,44.25
VINICIUS CARVALHO,SP,PRB,191.53
LUCIANA SANTOS,PE,PCdoB,50.0
OSMAR SERRAGLIO,PR,PMDB,14800.0
EDUARDO BARBOSA,MG,PSDB,4.0
ZECA DO PT,MS,PT,80.0
WELITON PRADO,MG,PMB,30.0
EZEQUIEL FONSECA,MT,PP,1087.58
JOSÉ REINALDO,MA,PSB,1408.63
LOBBE NETO,SP,PSDB,86.26
BRUNNY,MG,PR,504.0
AFONSO FLORENCE,BA,PT,30000.0
BENEDITA DA SILVA,RJ,PT,191.6
RODRIGO DE CASTRO,MG,PSDB,1.7
VITOR VALIM,CE,PMDB,-10.11
PEDRO FERNANDES,MA,PTB,427.58
MIGUEL LOMBARDI,SP,PR,7.9
LEANDRE,PR,PV,83.0
CHRISTIANE DE SOUZA YARED,PR,PR,9.0
JOÃO GUALBERTO,BA,PSDB,249.17
MARCOS MONTES,MG,PSD,17.1
ZÉ CARLOS,MA,PT,3500.0
BRUNO COVAS,SP,PSDB,210.0
MÁRCIO MARINHO,BA,PRB,137.61
PEDRO UCZAI,SC,PT,500.0
SUBTENENTE GONZAGA,MG,PDT,66.0
DANILO FORTE,CE,PSB,157.01
ANTONIO IMBASSAHY,BA,PSDB,532.75
ROGÉRIO MARINHO,RN,PSDB,310.0
BENEDITA DA SILVA,RJ,PT,21.7
JOÃO FERNANDO COUTINHO,PE,PSB,190.0
ULDURICO JUNIOR,BA,PV,50.37
NELSON MARQUEZELLI,SP,PTB,2000.0
VANDERLEI MACRIS,SP,PSDB,227.68
JULIO LOPES,RJ,PP,65.7
ANTONIO CARLOS MENDES THAME,SP,PV,50.0
MARCOS ROGÉRIO,RO,DEM,211.67
WLADIMIR COSTA,PA,SD,999.33
MARIA DO ROSÁRIO,RS,PT,-546.08
MOEMA GRAMACHO,BA,PT,2.1
LUIS CARLOS HEINZE,RS,PP,57.33
BONIFÁCIO DE ANDRADA,MG,PSDB,68.25
JARBAS VASCONCELOS,PE,PMDB,10.0
EDUARDO DA FONTE,PE,PP,125.0
LÁZARO BOTELHO,TO,PP,591.96
DANIEL COELHO,PE,PSDB,746.0
PAULÃO,AL,PT,419.96
LUIZA ERUNDINA,SP,PSOL,1084.48
SAMUEL MOREIRA,SP,PSDB,978.48
ANTÔNIO JÁCOME,RN,PTN,99.27
JOSÉ FOGAÇA ,RS,PMDB,223.68
PEDRO UCZAI,SC,PT,15.0
POMPEO DE MATTOS,RS,PDT,120.0
ZECA DIRCEU,PR,PT,309.09
MARCIO ALVINO,SP,PR,8.0
VICTOR MENDES,MA,PSD,200.0
OSMAR SERRAGLIO,PR,PMDB,537.06
ROGÉRIO PENINHA MENDONÇA,SC,PMDB,133.38
MARA GABRILLI,SP,PSDB,513.69
WALDENOR PEREIRA,BA,PT,-21.76
CABO DACIOLO,RJ,PTdoB,150.0
AFONSO HAMM,RS,PP,-110.9
CAETANO,BA,PT,609.58
ANA PERUGINI,SP,PT,11.5
BEBETO,BA,PSB,123.76
PAULO PIMENTA,RS,PT,104.2
NEWTON CARDOSO JR,MG,PMDB,200.0
LÁZARO BOTELHO,TO,PP,0.13
JAIR BOLSONARO,RJ,PSC,335.26
VITOR LIPPI,SP,PSDB,513.69
CAETANO,BA,PT,257.3
FRANCISCO FLORIANO,RJ,DEM,15.86
NILSON LEITÃO,MT,PSDB,3000.0
MÁRIO NEGROMONTE JR.,BA,PP,100.0
JOÃO RODRIGUES,SC,PSD,152.0
CHICO D'ANGELO,RJ,PT,43.0
LEÔNIDAS CRISTINO,CE,PDT,21.0
GEORGE HILTON,MG,PROS,4.6
JOÃO CARLOS BACELAR,BA,PR,263.64
ALEX CANZIANI,PR,PTB,133.0
JÔ MORAES,MG,PCdoB,20.0
SUBTENENTE GONZAGA,MG,PDT,7.8
LUIZ COUTO,PB,PT,1494.66
TEREZA CRISTINA,MS,PSB,1100.0
RÔMULO GOUVEIA,PB,PSD,2478.78
CARLOS BEZERRA,MT,PMDB,1992.61
MARCOS ABRÃO,GO,PPS,40.5
HUGO LEAL,RJ,PSB,152.43
MARCIO ALVINO,SP,PR,12.0
SORAYA SANTOS,RJ,PMDB,2152.25
DAVIDSON MAGALHÃES,BA,PCdoB,418.05
SÉRGIO MORAES,RS,PTB,180.02
PAULÃO,AL,PT,69.9
ZECA DO PT,MS,PT,170.03
PEDRO VILELA,AL,PSDB,50.0
LEANDRE,PR,PV,790.68
BONIFÁCIO DE ANDRADA,MG,PSDB,-15.1
INDIO DA COSTA,RJ,PSD,159.32
ROBERTO SALES,RJ,PRB,79.5
VALMIR PRASCIDELLI,SP,PT,282.25
ALCEU MOREIRA,RS,PMDB,44.65
IVAN VALENTE,SP,PSOL,650.69
ADALBERTO CAVALCANTI,PE,PTB,2106.69
ILDON MARQUES,MA,PSB,200.0
RODRIGO MAIA,RJ,DEM,50.0
FABIANO HORTA,RJ,PT,1756.82
ROGÉRIO ROSSO,DF,PSD,28.96
ANTÔNIO JÁCOME,RN,PTN,60.1
JHC,AL,PSB,24.0
ADAIL CARNEIRO,CE,PP,656.79
SILVIO TORRES,SP,PSDB,40.17
MARCOS SOARES,RJ,DEM,990.73
RENATA ABREU,SP,PTN,653.06
EDMILSON RODRIGUES,PA,PSOL,269.06
MÁRIO HERINGER,MG,PDT,5000.0
CELSO JACOB,RJ,PMDB,7500.0
BRUNNY,MG,PR,717.35
FÁBIO FARIA,RN,PSD,-5.54
REGINALDO LOPES,MG,PT,2.09
JORGE CÔRTE REAL,PE,PTB,202.25
SERGIO SOUZA ,PR,PMDB,359.51
CAPITÃO AUGUSTO,SP,PR,44.45
JOÃO CARLOS BACELAR,BA,PR,55.09
VANDER LOUBET,MS,PT,5.1
BETO SALAME,PA,PP,100.0
AFONSO MOTTA,RS,PDT,152.02
MOSES RODRIGUES,CE,PMDB,8.0
FÁBIO SOUSA,GO,PSDB,70.0
ANDRE MOURA,SE,PSC,320.76
MISSIONÁRIO JOSÉ OLIMPIO,SP,DEM,1050.66
TEREZA CRISTINA,MS,PSB,-1012.69
LEÔNIDAS CRISTINO,CE,PDT,100.0
SIMÃO SESSIM,RJ,PP,91.3
RONALDO CARLETTO,BA,PP,131.5
ALTINEU CÔRTES,RJ,PMDB,72.85
PEDRO VILELA,AL,PSDB,132.02
CÍCERO ALMEIDA,AL,PMDB,-322.79
JORGE TADEU MUDALEN,SP,DEM,458.0
MARCUS VICENTE,ES,PP,420.66
LOBBE NETO,SP,PSDB,80.79
MIGUEL LOMBARDI,SP,PR,135.0
BRUNNY,MG,PR,840.0
LEONARDO QUINTÃO,MG,PMDB,60.0
LÁZARO BOTELHO,TO,PP,290.0
PAULO MALUF,SP,PP,150.02
ANA PERUGINI,SP,PT,7.9
MORONI TORGAN,CE,DEM,101.46
GIVALDO CARIMBÃO,AL,PHS,80.0
JOSÉ OTÁVIO GERMANO,RS,PP,181.0
INDIO DA COSTA,RJ,PSD,49.06
CARLOS MELLES,MG,DEM,21.6
PAULO TEIXEIRA,SP,PT,130.0
AFONSO MOTTA,RS,PDT,257.86
ROCHA,AC,PSDB,-961.69
TIA ERON,BA,PRB,245.47
JOSÉ NUNES,BA,PSD,99.95
PAULÃO,AL,PT,63.8
ANGELIM,AC,PT,175.15
ORLANDO SILVA,SP,PCdoB,4337.88
ZENAIDE MAIA,RN,PR,100.0
CELSO MALDANER,SC,PMDB,140.0
ZECA DIRCEU,PR,PT,30.0
PASTOR LUCIANO BRAGA,BA,PMB,540.73
RODRIGO DE CASTRO,MG,PSDB,521.7
CAIO NARCIO,MG,PSDB,6.9
PADRE JOÃO,MG,PT,246.02
MÁRCIO MARINHO,BA,PRB,307.76
ROBERTO DE LUCENA,SP,PV,32.7
IZALCI LUCAS,DF,PSDB,956.1
DÉCIO LIMA,SC,PT,69.0
JOÃO FERNANDO COUTINHO,PE,PSB,84.98
MARCOS SOARES,RJ,DEM,132.87
RAQUEL MUNIZ,MG,PSD,50.01
JÉSSICA SALES,AC,PMDB,9500.0
POMPEO DE MATTOS,RS,PDT,12.0
MARCO TEBALDI,SC,PSDB,130.0
MAX FILHO,ES,PSDB,286.34
CLAUDIO CAJADO,BA,DEM,360.0
LEANDRE,PR,PV,150.0
MARCO TEBALDI,SC,PSDB,90.0
PAULO MAGALHÃES,BA,PSD,122.0
ROBERTO FREIRE,SP,PPS,1378.58
POMPEO DE MATTOS,RS,PDT,6.3
LUIZA ERUNDINA,SP,PSOL,130.0
JUSCELINO FILHO,MA,DEM,309.35
PEDRO FERNANDES,MA,PTB,96.55
LUCIANA SANTOS,PE,PCdoB,126.0
GORETE PEREIRA,CE,PR,11300.0
MIRO TEIXEIRA,RJ,REDE,1097.73
CABO SABINO,CE,PR,22.0
SÁGUAS MORAES,MT,PT,-1318.06
MARIA DO ROSÁRIO,RS,PT,165.0
AFONSO FLORENCE,BA,PT,110.0
RENZO BRAZ,MG,PP,376.79
PAULO ABI-ACKEL,MG,PSDB,100.0
MARCOS ROGÉRIO,RO,DEM,351.4
FERNANDO MONTEIRO,PE,PP,114.7
LUIZ LAURO FILHO,SP,PSB,419.67
ALESSANDRO MOLON,RJ,REDE,15.0
ANDRES SANCHEZ,SP,PT,364.06
BONIFÁCIO DE ANDRADA,MG,PSDB,24.0
AELTON FREITAS,MG,PR,5000.0
RODRIGO DE CASTRO,MG,PSDB,465.46
ADALBERTO CAVALCANTI,PE,PTB,80.0
VINICIUS GURGEL,AP,PR,350.66
VITOR LIPPI,SP,PSDB,16.5
GUILHERME MUSSI,SP,PP,43.94
MAURO PEREIRA,RS,PMDB,50.0
MARCOS ROGÉRIO,RO,DEM,224.45
NILTO TATTO,SP,PT,356.57
DULCE MIRANDA,TO,PMDB,302.25
PAULO FREIRE,SP,PR,251.76
FRANCISCO CHAPADINHA,PA,PTN,1.7
NELSON MARCHEZAN JUNIOR,RS,PSDB,190.76
LOBBE NETO,SP,PSDB,120.0
MARINALDO ROSENDO,PE,PSB,704.63
CAIO NARCIO,MG,PSDB,208.72
EVANDRO ROMAN,PR,PSD,899.92
FERNANDO TORRES,BA,PSD,489.61
SIMÃO SESSIM,RJ,PP,194.55
ALAN RICK,AC,PRB,217.04
RENZO BRAZ,MG,PP,34.36
PAULO ABI-ACKEL,MG,PSDB,5300.0
FERNANDO MONTEIRO,PE,PP,200.0
DULCE MIRANDA,TO,PMDB,688.23
CABO SABINO,CE,PR,100.0
JÚLIO DELGADO,MG,PSB,4.8
GONZAGA PATRIOTA,PE,PSB,988.58
ADELMO CARNEIRO LEÃO,MG,PT,50.0
GERALDO RESENDE,MS,PSDB,406.1
JONY MARCOS,SE,PRB,9960.3
DARCÍSIO PERONDI,RS,PMDB,64.0
CLAUDIO CAJADO,BA,DEM,48.8
PAUDERNEY AVELINO,AM,DEM,1224.68
VITOR LIPPI,SP,PSDB,54.0
ARNON BEZERRA,CE,PTB,292.68
LUCIANO DUCCI,PR,PSB,30.0
PAES LANDIM,PI,PTB,1058.63
MARCOS SOARES,RJ,DEM,4.6
ARTHUR LIRA,AL,PP,117.9
TEREZA CRISTINA,MS,PSB,70.0
FAUSTO PINATO,SP,PP,100.0
PAUDERNEY AVELINO,AM,DEM,62.9
MARCELO SQUASSONI,SP,PRB,30.0
RENZO BRAZ,MG,PP,103.28
LUCIANA SANTOS,PE,PCdoB,520.04
RICARDO IZAR,SP,PP,5548.06
EDINHO ARAÚJO,SP,PMDB,47.7
HENRIQUE FONTANA,RS,PT,792.92
NELSON MARQUEZELLI,SP,PTB,260.3
CHICO D'ANGELO,RJ,PT,54.49
OSMAR SERRAGLIO,PR,PMDB,279.63
RODRIGO MAIA,RJ,DEM,9.01
PAULO HENRIQUE LUSTOSA,CE,PP,-172.0
FERNANDO TORRES,BA,PSD,8700.0
CAIO NARCIO,MG,PSDB,46.75
GIOVANI CHERINI,RS,PR,100.0
FABIO GARCIA,MT,PSB,189.65
CARLOS GOMES,RS,PRB,172.0
DAVIDSON MAGALHÃES,BA,PCdoB,99.99
ROBERTO DE LUCENA,SP,PV,30.0
EDUARDO CURY,SP,PSDB,40.33
JORGINHO MELLO,SC,PR,224.32
BALEIA ROSSI,SP,PMDB,770.76
WALDENOR PEREIRA,BA,PT,280.76
JÚLIO DELGADO,MG,PSB,100.0
WALTER ALVES,RN,PMDB,244.66
LUIZIANNE LINS,CE,PT,1153.64
LUIZ FERNANDO FARIA,MG,PP,80.0
MARCON,RS,PT,150.0
FÁBIO FARIA,RN,PSD,100.0
ANA PERUGINI,SP,PT,11.3
OSMAR TERRA,RS,PMDB,447.0
EDMILSON RODRIGUES,PA,PSOL,180.0
MARCO MAIA,RS,PT,52.0
ALCEU MOREIRA,RS,PMDB,150.0
HUGO MOTTA,PB,PMDB,131.15
LEANDRE,PR,PV,7.6
GOULART,SP,PSD,150.0
SÉRGIO REIS,SP,PRB,1010.76
RUBENS BUENO,PR,PPS,8.2
MAURO MARIANI,SC,PMDB,200.14
RODRIGO PACHECO,MG,PMDB,24.0
ALESSANDRO MOLON,RJ,REDE,-62.0
RUBENS BUENO,PR,PPS,17.19
DIEGO GARCIA,PR,PHS,28.56
ANTONIO BULHÕES,SP,PRB,929.58
NILTON CAPIXABA,RO,PTB,2010.63
FLAVIANO MELO,AC,PMDB,1657.69
PAULO MALUF,SP,PP,133.44
JOÃO DANIEL,SE,PT,341.05
MARCIO ALVINO,SP,PR,2744.0
PAULO MALUF,SP,PP,1347.79
JONES MARTINS,RS,PMDB,50.0
JÉSSICA SALES,AC,PMDB,1842.58
JORGE SOLLA,BA,PT,34.11
ALESSANDRO MOLON,RJ,REDE,234.0
ARIOSTO HOLANDA,CE,PDT,7700.0
MARIA DO ROSÁRIO,RS,PT,181.9
ROBERTO GÓES,AP,PDT,916.97
VALMIR PRASCIDELLI,SP,PT,146.91
EDUARDO BARBOSA,MG,PSDB,18.21
GEOVANIA DE SÁ,SC,PSDB,100.0
AUGUSTO CARVALHO,DF,SD,152.51
GONZAGA PATRIOTA,PE,PSB,946.07
SERGIO VIDIGAL,ES,PDT,314.73
FÁBIO RAMALHO,MG,PMDB,51.6
CLARISSA GAROTINHO,RJ,PRB,-703.63
ROGÉRIO PENINHA MENDONÇA,SC,PMDB,1000.0
BOHN GASS,RS,PT,20.0
JOZI ARAÚJO,AP,PTN,25.0
MARCIO ALVINO,SP,PR,273.69
ADELSON BARRETO,SE,PR,9000.0
ANDRÉ FUFUCA,MA,PP,574.63
PAUDERNEY AVELINO,AM,DEM,146.14
CREUZA PEREIRA,PE,PSB,664.73
JUTAHY JUNIOR,BA,PSDB,95.8
BETO ROSADO,RN,PP,57.33
FÁBIO FARIA,RN,PSD,4.9
JAIME MARTINS,MG,PSD,36.42
EDUARDO BOLSONARO,SP,PSC,95.0
JEFFERSON CAMPOS,SP,PSD,47.31
MARCO MAIA,RS,PT,2808.86
JUNIOR MARRECA,MA,PEN,72.31
PAULO MALUF,SP,PP,180.0
PEDRO FERNANDES,MA,PTB,375.63
MARGARIDA SALOMÃO,MG,PT,23.75
LEANDRE,PR,PV,302.0
JERÔNIMO GOERGEN,RS,PP,14.7
ADALBERTO CAVALCANTI,PE,PTB,494.63
KEIKO OTA,SP,PSB,3.2
MIGUEL LOMBARDI,SP,PR,153.47
NELSON PELLEGRINO,BA,PT,55.69
JÉSSICA SALES,AC,PMDB,840.22
RENATO MOLLING,RS,PP,1000.0
IVAN VALENTE,SP,PSOL,666.79
RENZO BRAZ,MG,PP,91.03
ANTONIO CARLOS MENDES THAME,SP,PV,720.0
MARCELO MATOS,RJ,PHS,838.58
VALDIR COLATTO,SC,PMDB,182.33
JOSE STÉDILE,RS,PSB,30.8
HENRIQUE FONTANA,RS,PT,584.9
DANIEL VILELA,GO,PMDB,150.01
FERNANDO MONTEIRO,PE,PP,466.58
JORGE SOLLA,BA,PT,72.09
ZECA DO PT,MS,PT,141.0
ROGÉRIO ROSSO,DF,PSD,1378.58
MISSIONÁRIO JOSÉ OLIMPIO,SP,DEM,93.06
CARLOS BEZERRA,MT,PMDB,48.94
MAURÍCIO QUINTELLA LESSA,AL,PR,210.0
ELMAR NASCIMENTO,BA,DEM,200.0
MARCOS ROTTA,AM,PMDB,3153.38
RUBENS BUENO,PR,PPS,412.69
MANOEL JUNIOR,PB,PMDB,-241.66
CELSO MALDANER,SC,PMDB,500.0
HEITOR SCHUCH,RS,PSB,39.44
PAULO FOLETTO,ES,PSB,22.35
ANDRE MOURA,SE,PSC,442.79
JOSÉ REINALDO,MA,PSB,40.15
PAULO MALUF,SP,PP,100.03
PEDRO CHAVES,GO,PMDB,185.0
JOSE STÉDILE,RS,PSB,180.12
MARCO TEBALDI,SC,PSDB,50.37
ANA PERUGINI,SP,PT,933.12
MARCOS ROGÉRIO,RO,DEM,250.0
JOSÉ FOGAÇA ,RS,PMDB,1682.58
MARCO MAIA,RS,PT,24.0
MARINALDO ROSENDO,PE,PSB,1527.58
WLADIMIR COSTA,PA,SD,625.73
LUIZIANNE LINS,CE,PT,33.0
BENEDITA DA SILVA,RJ,PT,34.78
LUIZ CARLOS HAULY,PR,PSDB,397.25
SANDRO ALEX,PR,PSD,2300.0
EROS BIONDINI,MG,PROS,995.69
VINICIUS CARVALHO,SP,PRB,72.99
CRISTIANE BRASIL,RJ,PTB,14745.8
DELEY,RJ,PTB,4000.0
JORGINHO MELLO,SC,PR,230.09
ARNALDO JORDY,PA,PPS,320.0
DANILO CABRAL,PE,PSB,1114.63
OSMAR SERRAGLIO,PR,PMDB,249.97
EDINHO ARAÚJO,SP,PMDB,57.19
DIMAS FABIANO,MG,PP,395.0
ROGÉRIO MARINHO,RN,PSDB,1097.72
BETO SALAME,PA,PP,100.0
BETO SALAME,PA,PP,320.0
WELLINGTON ROBERTO,PB,PR,80.0
ROBERTO DE LUCENA,SP,PV,157.32
WELLINGTON ROBERTO,PB,PR,80.0
JOSÉ CARLOS ALELUIA,BA,DEM,825.08
LOBBE NETO,SP,PSDB,90.0
CARLOS EDUARDO CADOCA,PE,PDT,-2.0
SÓSTENES CAVALCANTE,RJ,DEM,190.75
JOSÉ AIRTON CIRILO,CE,PT,15.5
BENEDITA DA SILVA,RJ,PT,494.69
JORGE CÔRTE REAL,PE,PTB,96.11
ZECA CAVALCANTI,PE,PTB,130.0
GONZAGA PATRIOTA,PE,PSB,119.0
CRISTIANE BRASIL,RJ,PTB,100.02
JOÃO DANIEL,SE,PT,967.79
PAES LANDIM,PI,PTB,558.68
IRACEMA PORTELLA,PI,PP,24.0
TEREZA CRISTINA,MS,PSB,1.7
MARCO MAIA,RS,PT,9.7
ADALBERTO CAVALCANTI,PE,PTB,5.52
MANOEL JUNIOR,PB,PMDB,130.0
ARTHUR OLIVEIRA MAIA,BA,PPS,146.75
RONALDO MARTINS,CE,PRB,40.16
NELSON MARCHEZAN JUNIOR,RS,PSDB,6680.0
LUIZ NISHIMORI,PR,PR,3900.0
ADELMO CARNEIRO LEÃO,MG,PT,16.0
GILBERTO NASCIMENTO,SP,PSC,35.0
ROBERTO DE LUCENA,SP,PV,90.02
ALUISIO MENDES,MA,PTN,100.0
EDINHO BEZ,SC,PMDB,21.25
ROGÉRIO MARINHO,RN,PSDB,139.39
PEDRO CHAVES,GO,PMDB,210.0
JOÃO ARRUDA,PR,PMDB,2026.58
DR. SINVAL MALHEIROS,SP,PTN,100.0
FERNANDO JORDÃO,RJ,PMDB,65.49
MIGUEL LOMBARDI,SP,PR,124.0
MARCOS ABRÃO,GO,PPS,44.99
JORGE CÔRTE REAL,PE,PTB,626.83
VINICIUS CARVALHO,SP,PRB,4.6
HERÁCLITO FORTES,PI,PSB,3500.0
IVAN VALENTE,SP,PSOL,902.63
PAULO ABI-ACKEL,MG,PSDB,100.0
MARIA DO ROSÁRIO,RS,PT,128.82
FÉLIX MENDONÇA JÚNIOR,BA,PDT,150.01
HERCULANO PASSOS,SP,PSD,200.0
RENATO MOLLING,RS,PP,75.0
ROBERTO FREIRE,SP,PPS,123.07
MARCELO SQUASSONI,SP,PRB,4730.36
EVAIR VIEIRA DE MELO,ES,PV,9.0
PROFESSORA DORINHA SEABRA REZENDE,TO,DEM,-368.26
PAULO MALUF,SP,PP,1310.83
EXPEDITO NETTO,RO,PSD,572.76
CARLOS MELLES,MG,DEM,275.0
JEAN WYLLYS,RJ,PSOL,80.0
AELTON FREITAS,MG,PR,750.0
LUIZ SÉRGIO,RJ,PT,3232.77
BOSCO COSTA,SE,PROS,25.0
DANIEL ALMEIDA,BA,PCdoB,1800.0
LEÔNIDAS CRISTINO,CE,PDT,4800.0
LUIZA ERUNDINA,SP,PSOL,61.4
REGINALDO LOPES,MG,PT,62.08
FÁBIO FARIA,RN,PSD,245.0
CABUÇU BORGES,AP,PMDB,2.1
CAPITÃO AUGUSTO,SP,PR,29.0
JOÃO MARCELO SOUZA,MA,PMDB,152.0
NELSON MARQUEZELLI,SP,PTB,94.34
GIACOBO,PR,PR,150.0
JOSÉ GUIMARÃES,CE,PT,130.0
RICARDO TEOBALDO ,PE,PTN,200.0
ALESSANDRO MOLON,RJ,REDE,183.78
ALEXANDRE BALDY,GO,PTN,3.2
ADELMO CARNEIRO LEÃO,MG,PT,15.0
CARLOS MARUN,MS,PMDB,120.0
SILVIO COSTA,PE,PTdoB,-300.0
ALFREDO NASCIMENTO,AM,PR,60.0
AUGUSTO COUTINHO ,PE,SD,35.7
EFRAIM FILHO,PB,DEM,51.58
SERGIO SOUZA ,PR,PMDB,100.42
CARMEN ZANOTTO,SC,PPS,650.83
ZENAIDE MAIA,RN,PR,100.0
NIVALDO ALBUQUERQUE,AL,PRP,80.0
HENRIQUE FONTANA,RS,PT,152.96
VICENTE ARRUDA,CE,PDT,136.15
JOSÉ NUNES,BA,PSD,577.73
ANA PERUGINI,SP,PT,210.0
MAURO MARIANI,SC,PMDB,3950.0
GOULART,SP,PSD,39.0
MIGUEL HADDAD,SP,PSDB,34.36
CARLOS HENRIQUE GAGUIM,TO,PTN,-235.0
ANDRÉ FIGUEIREDO,CE,PDT,572.68
SÁGUAS MORAES,MT,PT,758.67
OSMAR TERRA,RS,PMDB,32.0
OTAVIO LEITE,RJ,PSDB,25.0
PAULO MAGALHÃES,BA,PSD,271.48
SARAIVA FELIPE,MG,PMDB,3093.28
GORETE PEREIRA,CE,PR,56.5
ANDRÉ AMARAL,PB,PMDB,100.0
RONALDO BENEDET,SC,PMDB,1442.86
LUIZ CLÁUDIO,RO,PR,1895.15
FRANKLIN LIMA,MG,PP,13.6
LINCOLN PORTELA,MG,PRB,222.2
ALUISIO MENDES,MA,PTN,45.1
ANA PERUGINI,SP,PT,3500.0
AFONSO MOTTA,RS,PDT,124.07
JERÔNIMO GOERGEN,RS,PP,159.5
EDINHO ARAÚJO,SP,PMDB,303.59
JOSÉ NUNES,BA,PSD,0.11
MARINALDO ROSENDO,PE,PSB,494.63
PEDRO UCZAI,SC,PT,2021.66
ALUISIO MENDES,MA,PTN,-2225.83
MARCELO SQUASSONI,SP,PRB,99.81
JORGE SOLLA,BA,PT,123.9
ZENAIDE MAIA,RN,PR,52.4
ROBERTO ALVES,SP,PRB,11.3
HENRIQUE FONTANA,RS,PT,50.0
ALICE PORTUGAL,BA,PCdoB,1009.1
VALMIR PRASCIDELLI,SP,PT,36.0
RICARDO BENTINHO,SP,PRB,233.02
RAFAEL MOTTA,RN,PSB,444.53
DOMINGOS NETO,CE,PSD,-1.95
RODRIGO MAIA,RJ,DEM,200.0
SARNEY FILHO,MA,PV,71.0
GIVALDO CARIMBÃO,AL,PHS,280.01
JOÃO GUALBERTO,BA,PSDB,170.0
MARCELO SQUASSONI,SP,PRB,100.0
JORGE TADEU MUDALEN,SP,DEM,2.4
SILVIO COSTA,PE,PTdoB,1512.69
DANRLEI DE DEUS HINTERHOLZ,RS,PSD,57.39
AELTON FREITAS,MG,PR,92.0
VALTENIR PEREIRA,MT,PMDB,582.58
RAQUEL MUNIZ,MG,PSD,711.35
NELSON PELLEGRINO,BA,PT,4.0
ANGELIM,AC,PT,140.0
JULIO LOPES,RJ,PP,278.0
AFONSO HAMM,RS,PP,93.0
ZÉ SILVA,MG,SD,30.0
GEORGE HILTON,MG,PROS,1848.37
ÁTILA LIRA,PI,PSB,310.83
FÉLIX MENDONÇA JÚNIOR,BA,PDT,397.58
SANDRO ALEX,PR,PSD,26000.0
JÔ MORAES,MG,PCdoB,20.0
FLAVIANO MELO,AC,PMDB,-1349.66
EROS BIONDINI,MG,PROS,120.89
GOULART,SP,PSD,19.96
SÉRGIO MORAES,RS,PTB,110.4
SORAYA SANTOS,RJ,PMDB,-744.3
ALEX CANZIANI,PR,PTB,247.1
LÁZARO BOTELHO,TO,PP,74.8
RENATO MOLLING,RS,PP,90.3
MAURO MARIANI,SC,PMDB,50.0
SILVIO TORRES,SP,PSDB,79.45
RONALDO LESSA,AL,PDT,24.0
ANDRES SANCHEZ,SP,PT,674.83
ALFREDO KAEFER,PR,PSL,575.93
CARLOS MANATO,ES,SD,-171.48
JOÃO PAULO PAPA,SP,PSDB,25.2
FERNANDO MONTEIRO,PE,PP,115.28
RODRIGO DE CASTRO,MG,PSDB,197.62
LUIZ CARLOS BUSATO,RS,PTB,3300.0
DÉCIO LIMA,SC,PT,20.0
ALEXANDRE SERFIOTIS,RJ,PMDB,2.21
MARIA HELENA,RR,PSB,115.7
RENZO BRAZ,MG,PP,2250.0
EDMILSON RODRIGUES,PA,PSOL,75.01
ANTÔNIO JÁCOME,RN,PTN,97.0
STEFANO AGUIAR,MG,PSD,171.02
SUBTENENTE GONZAGA,MG,PDT,550.0
MAGDA MOFATTO,GO,PR,194.36
EDIO LOPES,RR,PR,598.54
MAURO MARIANI,SC,PMDB,53.35
PAULO PEREIRA DA SILVA,SP,SD,807.68
LAUDIVIO CARVALHO,MG,SD,2100.0
RENZO BRAZ,MG,PP,130.0
PADRE JOÃO,MG,PT,169.57
SERGIO VIDIGAL,ES,PDT,201.66
ANTÔNIO JÁCOME,RN,PTN,150.0
FÉLIX MENDONÇA JÚNIOR,BA,PDT,-5.0
EDMILSON RODRIGUES,PA,PSOL,150.0
PAULO TEIXEIRA,SP,PT,1224.95
BETO MANSUR,SP,PRB,459.58
GILBERTO NASCIMENTO,SP,PSC,2477.19
MARCOS SOARES,RJ,DEM,812.13
ASSIS CARVALHO,PI,PT,1767.35
CARLOS ZARATTINI,SP,PT,1497.34
JOSE STÉDILE,RS,PSB,133.7
VICENTE CANDIDO,SP,PT,62.3
PEDRO VILELA,AL,PSDB,213.91
LAURA CARNEIRO,RJ,PMDB,131.2
MARCOS SOARES,RJ,DEM,218.62
ELIZIANE GAMA,MA,PPS,670.63
LUIZ SÉRGIO,RJ,PT,137.0
DARCÍSIO PERONDI,RS,PMDB,960.92
ZÉ AUGUSTO NALIN,RJ,PMDB,680.83
BETO ROSADO,RN,PP,137.5
ORLANDO SILVA,SP,PCdoB,802.58
FABIO REIS,SE,PMDB,30.85
RONALDO NOGUEIRA,RS,PTB,-159.13
RODRIGO PACHECO,MG,PMDB,52.9
ROBERTO DE LUCENA,SP,PV,327.63
JOSÉ PRIANTE,PA,PMDB,24.0
AFONSO HAMM,RS,PP,24.5
ARNALDO JORDY,PA,PPS,67.0
VANDERLEI MACRIS,SP,PSDB,620.63
VALTENIR PEREIRA,MT,PMDB,48.0
ALFREDO KAEFER,PR,PSL,754.83
ZECA DO PT,MS,PT,422.96
ANDERSON FERREIRA,PE,PR,99.0
JOSÉ AIRTON CIRILO,CE,PT,469.63
LUCIANA SANTOS,PE,PCdoB,50.0
FÁBIO RAMALHO,MG,PMDB,50.0
DANIEL VILELA,GO,PMDB,771.23
JOSÉ OTÁVIO GERMANO,RS,PP,175.73
LUIS CARLOS HEINZE,RS,PP,24.0
PAULO HENRIQUE LUSTOSA,CE,PP,24.0
PAULO MALUF,SP,PP,32.7
CABO DACIOLO,RJ,PTdoB,50.0
ERIKA KOKAY,DF,PT,70.0
EDINHO BEZ,SC,PMDB,54.02
HERCULANO PASSOS,SP,PSD,1100.0
COVATTI FILHO,RS,PP,1190.96
FRANKLIN LIMA,MG,PP,149.49
JOSÉ MENTOR,SP,PT,37.4
WALDENOR PEREIRA,BA,PT,188.79
WILSON BESERRA,RJ,PMDB,195.03
RONALDO BENEDET,SC,PMDB,50.0
MAURO MARIANI,SC,PMDB,650.0
OSMAR TERRA,RS,PMDB,100.0
ARNALDO JORDY,PA,PPS,2800.0
LAURA CARNEIRO,RJ,PMDB,120.0
FÁBIO FARIA,RN,PSD,227.93
ALFREDO NASCIMENTO,AM,PR,3063.68
DÉCIO LIMA,SC,PT,114.24
MIRO TEIXEIRA,RJ,REDE,537.58
NELSON MARCHEZAN JUNIOR,RS,PSDB,18.75
GENECIAS NORONHA,CE,SD,1200.0
MAJOR OLIMPIO,SP,SD,164.0
SILVIO TORRES,SP,PSDB,26.14
WADSON RIBEIRO,MG,PCdoB,435.45
CHRISTIANE DE SOUZA YARED,PR,PR,-312.58
JONES MARTINS,RS,PMDB,170.66
PAULO ABI-ACKEL,MG,PSDB,130.0
ULDURICO JUNIOR,BA,PV,20.0
ALCEU MOREIRA,RS,PMDB,200.0
TEREZA CRISTINA,MS,PSB,180.0
CHICO ALENCAR,RJ,PSOL,86.37
CAJAR NARDES,RS,PR,3140.0
DR. JOÃO,RJ,PR,540.83
RUBENS BUENO,PR,PPS,43.12
PAES LANDIM,PI,PTB,33.88
JÉSSICA SALES,AC,PMDB,746.63
HENRIQUE FONTANA,RS,PT,88.0
SIMONE MORGADO,PA,PMDB,6920.0
NELSON MARCHEZAN JUNIOR,RS,PSDB,27.0
VANDER LOUBET,MS,PT,80.0
DILCEU SPERAFICO,PR,PP,150.0
ESPERIDIÃO AMIN,SC,PP,150.0
CAIO NARCIO,MG,PSDB,90.01
VICENTE CANDIDO,SP,PT,59.69
JÔ MORAES,MG,PCdoB,20.0
SÉRGIO MORAES,RS,PTB,57.99
VALDIR COLATTO,SC,PMDB,50.37
JORGE TADEU MUDALEN,SP,DEM,6.4
LINCOLN PORTELA,MG,PRB,146.85
PAULO AZI,BA,DEM,130.0
JORGE CÔRTE REAL,PE,PTB,130.0
ELIZEU DIONIZIO,MS,PSDB,1148.9
SÉRGIO REIS,SP,PRB,1016.54
JORGE TADEU MUDALEN,SP,DEM,9.2
NILTO TATTO,SP,PT,324.43
JÚLIO DELGADO,MG,PSB,4.6
ADELMO CARNEIRO LEÃO,MG,PT,1459.41
LEONARDO QUINTÃO,MG,PMDB,140.0
LEANDRE,PR,PV,105.0
FAUSTO PINATO,SP,PP,339.24
JOÃO DANIEL,SE,PT,331.76
ZÉ SILVA,MG,SD,4000.0
HELDER SALOMÃO,ES,PT,1556.29
DANIEL VILELA,GO,PMDB,205.95
ALICE PORTUGAL,BA,PCdoB,147.0
LEONARDO MONTEIRO,MG,PT,327.77
RICARDO TEOBALDO ,PE,PTN,168.52
GEOVANIA DE SÁ,SC,PSDB,313.64
MAURÍCIO QUINTELLA LESSA,AL,PR,626.06
ARTHUR LIRA,AL,PP,566.58
TADEU ALENCAR,PE,PSB,865.35
ODORICO MONTEIRO,CE,PROS,1500.0
CABO SABINO,CE,PR,40.16
MARCOS MONTES,MG,PSD,246.92
DILCEU SPERAFICO,PR,PP,24.12
MARINALDO ROSENDO,PE,PSB,879.69
SUBTENENTE GONZAGA,MG,PDT,666.74
CARLOS ANDRADE,RR,PHS,120.0
ZECA DIRCEU,PR,PT,28.0
CARLOS EDUARDO CADOCA,PE,PDT,100.0
NELSON MARCHEZAN JUNIOR,RS,PSDB,275.63
MIGUEL HADDAD,SP,PSDB,620.0
RODRIGO PACHECO,MG,PMDB,48.17
JOSÉ NUNES,BA,PSD,387.96
MOSES RODRIGUES,CE,PMDB,296.07
NELSON MEURER,PR,PP,177.6
MARCUS PESTANA,MG,PSDB,165.17
MARCOS SOARES,RJ,DEM,4.6
MISAEL VARELLA,MG,DEM,541.35
CHICO D'ANGELO,RJ,PT,925.39
ZENAIDE MAIA,RN,PR,625.19
AELTON FREITAS,MG,PR,212.93
ANTONIO BRITO,BA,PSD,80.0
NILSON LEITÃO,MT,PSDB,260.98
GIVALDO VIEIRA,ES,PT,3.5
PEDRO PAULO,RJ,PMDB,100.0
HEITOR SCHUCH,RS,PSB,164.43
HIRAN GONÇALVES,RR,PP,1200.0
GIVALDO VIEIRA,ES,PT,-1320.63
MARCELO MATOS,RJ,PHS,100.0
EZEQUIEL TEIXEIRA,RJ,PTN,189.56
LUCIANA SANTOS,PE,PCdoB,181.98
ALFREDO KAEFER,PR,PSL,140.0
JOSE STÉDILE,RS,PSB,9.7
JOÃO PAULO PAPA,SP,PSDB,8.0
CAPITÃO AUGUSTO,SP,PR,590.0
DULCE MIRANDA,TO,PMDB,-419.66
CARLOS SAMPAIO,SP,PSDB,31.58
CABO DACIOLO,RJ,PTdoB,28.0
ARNALDO FARIA DE SÁ,SP,PTB,57.0
CHICO ALENCAR,RJ,PSOL,689.76
NIVALDO ALBUQUERQUE,AL,PRP,190.5
SÉRGIO MORAES,RS,PTB,50.0
VANDERLEI MACRIS,SP,PSDB,100.0
JORGE TADEU MUDALEN,SP,DEM,2.3
CAJAR NARDES,RS,PR,12.6
CAPITÃO AUGUSTO,SP,PR,800.0
RONALDO LESSA,AL,PDT,-971.69
ROBERTO DE LUCENA,SP,PV,160.0
LEANDRE,PR,PV,98.09
GABRIEL GUIMARÃES,MG,PT,213.72
FÁBIO RAMALHO,MG,PMDB,50.12
MANDETTA,MS,DEM,60.9
JOÃO FERNANDO COUTINHO,PE,PSB,241.58
HELDER SALOMÃO,ES,PT,37.0
RENATO MOLLING,RS,PP,48.7
GIOVANI CHERINI,RS,PR,100.0
DANRLEI DE DEUS HINTERHOLZ,RS,PSD,150.0
JOSÉ AIRTON CIRILO,CE,PT,473.57
LOBBE NETO,SP,PSDB,197.49
MILTON MONTI,SP,PR,137.17
LAERCIO OLIVEIRA,SE,SD,2100.0
PAUDERNEY AVELINO,AM,DEM,194.93
MARIA DO ROSÁRIO,RS,PT,144.1
MIGUEL HADDAD,SP,PSDB,100.0
CAPITÃO AUGUSTO,SP,PR,90.0
JÔ MORAES,MG,PCdoB,-413.35
EROS BIONDINI,MG,PROS,23.75
MARCO MAIA,RS,PT,6.0
JAIME MARTINS,MG,PSD,4.6
EXPEDITO NETTO,RO,PSD,747.63
CAJAR NARDES,RS,PR,9.7
JOSI NUNES,TO,PMDB,1005.0
PAES LANDIM,PI,PTB,19.25
CELSO JACOB,RJ,PMDB,263.55
ALICE PORTUGAL,BA,PCdoB,584.54
JORGE TADEU MUDALEN,SP,DEM,82.3
DIEGO ANDRADE,MG,PSD,590.35
MAGDA MOFATTO,GO,PR,196.8
VALMIR ASSUNÇÃO,BA,PT,126.02
LUIZ CARLOS BUSATO,RS,PTB,441.68
CARLOS ZARATTINI,SP,PT,150.0
ANA PERUGINI,SP,PT,13.4
CÉSAR HALUM,TO,PRB,6000.0
JOSÉ GUIMARÃES,CE,PT,100.0
MARCO MAIA,RS,PT,24.0
PAES LANDIM,PI,PTB,38.19
EDUARDO BARBOSA,MG,PSDB,4.0
JOÃO DANIEL,SE,PT,80.0
JORGE SOLLA,BA,PT,184.44
PAULO TEIXEIRA,SP,PT,50.0
TAKAYAMA,PR,PSC,39.4
SÁGUAS MORAES,MT,PT,33.8
LUIS CARLOS HEINZE,RS,PP,50.0
DANILO FORTE,CE,PSB,205.01
MISAEL VARELLA,MG,DEM,34.36
ALFREDO NASCIMENTO,AM,PR,1493.78
MARX BELTRÃO,AL,PMDB,153.28
JOSÉ ROCHA,BA,PR,130.0
LÁZARO BOTELHO,TO,PP,174.98
PAULO TEIXEIRA,SP,PT,35.0
RENZO BRAZ,MG,PP,1365.0
AGUINALDO RIBEIRO,PB,PP,1371.66
ODORICO MONTEIRO,CE,PROS,5000.0
ANA PERUGINI,SP,PT,80.02
MARCON,RS,PT,150.0
SUBTENENTE GONZAGA,MG,PDT,490.69
ANTONIO BULHÕES,SP,PRB,100.0
GEORGE HILTON,MG,PROS,61.4
ZECA DIRCEU,PR,PT,13.0
HELDER SALOMÃO,ES,PT,6.0
JARBAS VASCONCELOS,PE,PMDB,79.41
MISAEL VARELLA,MG,DEM,58.11
LEANDRE,PR,PV,1.7
REGINALDO LOPES,MG,PT,975.63
ROGÉRIO PENINHA MENDONÇA,SC,PMDB,190.0
ODORICO MONTEIRO,CE,PROS,537.58
RODRIGO DE CASTRO,MG,PSDB,167.97
FERNANDO JORDÃO,RJ,PMDB,6500.0
ROBERTO ALVES,SP,PRB,85.0
ZENAIDE MAIA,RN,PR,80.0
AELTON FREITAS,MG,PR,524.83
LUIZ CARLOS RAMOS ,RJ,PTN,58.0
JOSE STÉDILE,RS,PSB,6.3
ODELMO LEÃO,MG,PP,4.6
EZEQUIEL FONSECA,MT,PP,47.71
RODRIGO MAIA,RJ,DEM,50.05
RENATO MOLLING,RS,PP,35.0
MARINALDO ROSENDO,PE,PSB,831.63
PEDRO PAULO,RJ,PMDB,-1082.58
RAQUEL MUNIZ,MG,PSD,49.99
JAIR BOLSONARO,RJ,PSC,22.8
SIMONE MORGADO,PA,PMDB,290.68
NELSON MEURER,PR,PP,-235.0
SÉRGIO BRITO,BA,PSD,53.0
FERNANDO MONTEIRO,PE,PP,50.0
MARCOS ABRÃO,GO,PPS,260.63
RAQUEL MUNIZ,MG,PSD,241.45
GEOVANIA DE SÁ,SC,PSDB,139.05
CAIO NARCIO,MG,PSDB,177.69
DR. JOÃO,RJ,PR,228.69
AUREO,RJ,SD,553.73
LUIZ CARLOS RAMOS ,RJ,PTN,44.4
ZÉ GERALDO,PA,PT,1272.58
ZECA DIRCEU,PR,PT,23.0
JOÃO ARRUDA,PR,PMDB,24.0
ANDRÉ FUFUCA,MA,PP,-710.38
HUGO MOTTA,PB,PMDB,1530.48
FRANCISCO CHAPADINHA,PA,PTN,160.37
MOEMA GRAMACHO,BA,PT,115.7
ODORICO MONTEIRO,CE,PROS,578.37
ARTHUR LIRA,AL,PP,210.01
MARCELO ÁLVARO ANTÔNIO,MG,PR,3900.0
JUSCELINO FILHO,MA,DEM,10000.0
MARCELO SQUASSONI,SP,PRB,337.58
NELSON MARCHEZAN JUNIOR,RS,PSDB,14.0
FABIO GARCIA,MT,PSB,9.9
ZECA DIRCEU,PR,PT,827.58
SÉRGIO MORAES,RS,PTB,35.5
ADEMIR CAMILO,MG,PTN,10.75
FÉLIX MENDONÇA JÚNIOR,BA,PDT,100.0
MARIANA CARVALHO,RO,PSDB,48.94
GENECIAS NORONHA,CE,SD,96.0
CHICO ALENCAR,RJ,PSOL,1.49
LUIZ CARLOS BUSATO,RS,PTB,604.58
ALEXANDRE BALDY,GO,PTN,1326.0
EVAIR VIEIRA DE MELO,ES,PV,157.09
JUTAHY JUNIOR,BA,PSDB,135.69
BETINHO GOMES,PE,PSDB,130.0
RENZO BRAZ,MG,PP,10.95
ALEXANDRE BALDY,GO,PTN,3.2
GLAUBER BRAGA,RJ,PSOL,494.97
ERIVELTON SANTANA,BA,PEN,3700.0
RODRIGO PACHECO,MG,PMDB,7000.0
EDUARDO BARBOSA,MG,PSDB,787.73
BACELAR,BA,PTN,162.02
LEO DE BRITO,AC,PT,2365.29
PEDRO UCZAI,SC,PT,50.7
ALEX MANENTE,SP,PPS,690.0
VICENTE ARRUDA,CE,PDT,-497.58
ELMAR NASCIMENTO,BA,DEM,-441.73
FRANKLIN LIMA,MG,PP,125.01
VALADARES FILHO,SE,PSB,70.0
JOÃO PAULO PAPA,SP,PSDB,1331.27
AFONSO HAMM,RS,PP,141.0
JOSÉ CARLOS ARAÚJO,BA,PR,1.85
DANRLEI DE DEUS HINTERHOLZ,RS,PSD,100.0
ASSIS CARVALHO,PI,PT,14.69
EDUARDO BARBOSA,MG,PSDB,4.0
EDUARDO BARBOSA,MG,PSDB,4.0
LAERCIO OLIVEIRA,SE,SD,2120.0
JOSÉ CARLOS ARAÚJO,BA,PR,130.0
OSMAR SERRAGLIO,PR,PMDB,569.66
VANDERLEI MACRIS,SP,PSDB,50.0
OTAVIO LEITE,RJ,PSDB,1101.13
RENZO BRAZ,MG,PP,80.0
CÉSAR MESSIAS,AC,PSB,38.0
DÂMINA PEREIRA,MG,PSL,700.0
JONY MARCOS,SE,PRB,661.76
EXPEDITO NETTO,RO,PSD,24.0
RENATO MOLLING,RS,PP,20.0
POMPEO DE MATTOS,RS,PDT,100.0
LUIZ LAURO FILHO,SP,PSB,290.51
FRANCISCO FLORIANO,RJ,DEM,66.8
HERMES PARCIANELLO,PR,PMDB,301.03
FAUSTO PINATO,SP,PP,687.68
VANDERLEI MACRIS,SP,PSDB,230.3
DÉCIO LIMA,SC,PT,2.3
VALTENIR PEREIRA,MT,PMDB,250.0
BETINHO GOMES,PE,PSDB,156.66
CHICO ALENCAR,RJ,PSOL,403.75
DIEGO ANDRADE,MG,PSD,156.37
DOMINGOS NETO,CE,PSD,526.91
RENATO MOLLING,RS,PP,1183.27
DULCE MIRANDA,TO,PMDB,197.6
LEONARDO MONTEIRO,MG,PT,15.23
ZECA DO PT,MS,PT,108.87
CHICO D'ANGELO,RJ,PT,100.0
RICARDO TRIPOLI,SP,PSDB,237.0
ALICE PORTUGAL,BA,PCdoB,462.65
ZÉ SILVA,MG,SD,150.0
ALCEU MOREIRA,RS,PMDB,100.0
CHICO LOPES,CE,PCdoB,103.7
DÉCIO LIMA,SC,PT,100.03
CAJAR NARDES,RS,PR,12.6
JORGE CÔRTE REAL,PE,PTB,74.5
CHRISTIANE DE SOUZA YARED,PR,PR,115.0
DANIEL ALMEIDA,BA,PCdoB,105.9
ELI CORRÊA FILHO,SP,DEM,130.0
SORAYA SANTOS,RJ,PMDB,50.94
GONZAGA PATRIOTA,PE,PSB,342.68
VICENTE CANDIDO,SP,PT,1990.82
PEDRO UCZAI,SC,PT,152.41
MARCIO ALVINO,SP,PR,200.98
PADRE JOÃO,MG,PT,549.0
ANTONIO BRITO,BA,PSD,-55.95
EVANDRO ROMAN,PR,PSD,750.0
JOÃO ARRUDA,PR,PMDB,180.0
ZÉ GERALDO,PA,PT,1524.66
PADRE JOÃO,MG,PT,279.52
MARCELO ÁLVARO ANTÔNIO,MG,PR,30.57
RONALDO MARTINS,CE,PRB,125.7
CELSO RUSSOMANNO,SP,PRB,72.5
RODRIGO PACHECO,MG,PMDB,18.6
PASTOR EURICO,PE,PHS,49.39
GABRIEL GUIMARÃES,MG,PT,828.63
SERGIO SOUZA ,PR,PMDB,616.08
TIA ERON,BA,PRB,816.68
LINCOLN PORTELA,MG,PRB,130.0
WLADIMIR COSTA,PA,SD,-679.58
BETINHO GOMES,PE,PSDB,606.68
FÁBIO FARIA,RN,PSD,1428.69
DIEGO ANDRADE,MG,PSD,73.5
EDUARDO CURY,SP,PSDB,40.0
MARCELO SQUASSONI,SP,PRB,629.63
LUCIO MOSQUINI,RO,PMDB,2382.0
ASSIS CARVALHO,PI,PT,203.0
FERNANDO MONTEIRO,PE,PP,156.11
ROGÉRIO PENINHA MENDONÇA,SC,PMDB,230.0
JOÃO CAMPOS,GO,PRB,138.41
ROBERTO ALVES,SP,PRB,280.0
SÉRGIO BRITO,BA,PSD,510.73
BALEIA ROSSI,SP,PMDB,40.0
FÁBIO MITIDIERI,SE,PSD,10000.0
JOSUÉ BENGTSON,PA,PTB,37.0
OTAVIO LEITE,RJ,PSDB,8300.0
EVAIR VIEIRA DE MELO,ES,PV,2000.0
JOÃO FERNANDO COUTINHO,PE,PSB,2400.0
ANA PERUGINI,SP,PT,32.9
HÉLIO LEITE,PA,DEM,473.73
TONINHO PINHEIRO,MG,PP,1687.72
MARCIO ALVINO,SP,PR,165.1
ZÉ SILVA,MG,SD,4.6
ANDRE MOURA,SE,PSC,66.24
GIVALDO CARIMBÃO,AL,PHS,53.25
KEIKO OTA,SP,PSB,3.2
HERMES PARCIANELLO,PR,PMDB,546.48
TONINHO WANDSCHEER,PR,PROS,943.83
CABUÇU BORGES,AP,PMDB,324.83
TONINHO PINHEIRO,MG,PP,35.5
MARCO MAIA,RS,PT,2.4
VAL AMÉLIO,AL,PRTB,210.03
ANGELIM,AC,PT,40.0
ANA PERUGINI,SP,PT,5.6
LELO COIMBRA,ES,PMDB,720.0
ANTONIO BRITO,BA,PSD,16.9
VICENTINHO,SP,PT,669.88
BRUNA FURLAN,SP,PSDB,100.0
WEVERTON ROCHA,MA,PDT,255.73
LAURA CARNEIRO,RJ,PMDB,714.73
PROFESSORA MARCIVANIA,AP,PCdoB,259.32
CABUÇU BORGES,AP,PMDB,24.0
JUTAHY JUNIOR,BA,PSDB,120.0
AGUINALDO RIBEIRO,PB,PP,5000.0
FÁBIO MITIDIERI,SE,PSD,1000.0
TEREZA CRISTINA,MS,PSB,559.35
EZEQUIEL FONSECA,MT,PP,192.23
ANTONIO IMBASSAHY,BA,PSDB,18.0
DR. SINVAL MALHEIROS,SP,PTN,194.83
HUGO LEAL,RJ,PSB,129.0
RAIMUNDO GOMES DE MATOS,CE,PSDB,53.25
EFRAIM FILHO,PB,DEM,100.02
VICTOR MENDES,MA,PSD,50.0
TONINHO WANDSCHEER,PR,PROS,91.27
VANDER LOUBET,MS,PT,166.41
MARCOS ROGÉRIO,RO,DEM,1118.58
CELSO JACOB,RJ,PMDB,246.69
JONES MARTINS,RS,PMDB,100.0
PAULO TEIXEIRA,SP,PT,130.0
MAX FILHO,ES,PSDB,12.35
MARCON,RS,PT,86.0
NELSON MARQUEZELLI,SP,PTB,434.65
VITOR LIPPI,SP,PSDB,23.0
CARLOS ZARATTINI,SP,PT,120.0
ULDURICO JUNIOR,BA,PV,130.0
JOÃO ARRUDA,PR,PMDB,7.6
ZECA CAVALCANTI,PE,PTB,23.89
PAULO ABI-ACKEL,MG,PSDB,189.99
CAPITÃO AUGUSTO,SP,PR,161.1
RUBENS BUENO,PR,PPS,161.05
ALAN RICK,AC,PRB,3000.0
IVAN VALENTE,SP,PSOL,80.32
ARNON BEZERRA,CE,PTB,159.97
ELIZEU DIONIZIO,MS,PSDB,880.0
CÉSAR MESSIAS,AC,PSB,74.93
MARCO MAIA,RS,PT,50.0
BACELAR,BA,PTN,677.58
ALAN RICK,AC,PRB,1445.0
CHICO LOPES,CE,PCdoB,5117.2
HUGO LEAL,RJ,PSB,805.73
MILTON MONTI,SP,PR,182.63
DANIEL COELHO,PE,PSDB,276.44
ALEX CANZIANI,PR,PTB,-274.44
CHRISTIANE DE SOUZA YARED,PR,PR,1053.63
MÁRIO NEGROMONTE JR.,BA,PP,33.88
MARCUS VICENTE,ES,PP,100.0
ROCHA,AC,PSDB,573.63
PEDRO FERNANDES,MA,PTB,363.73
EDUARDO BARBOSA,MG,PSDB,3296.0
LEO DE BRITO,AC,PT,596.94
LÁZARO BOTELHO,TO,PP,12.35
JEFFERSON CAMPOS,SP,PSD,800.78
SILVIO COSTA,PE,PTdoB,380.58
GABRIEL GUIMARÃES,MG,PT,300.0
OTAVIO LEITE,RJ,PSDB,420.0
JOSÉ NUNES,BA,PSD,92.6
JANETE CAPIBERIBE,AP,PSB,34.0
MAURO PEREIRA,RS,PMDB,145.02
ALEX CANZIANI,PR,PTB,548.63
EXPEDITO NETTO,RO,PSD,106.05
SUBTENENTE GONZAGA,MG,PDT,120.06
MARCOS ROTTA,AM,PMDB,8.8
ROBERTO FREIRE,SP,PPS,747.63
ORLANDO SILVA,SP,PCdoB,845.44
VALMIR PRASCIDELLI,SP,PT,8.0
LUIZ SÉRGIO,RJ,PT,590.58
VICENTE CANDIDO,SP,PT,14.1
DR. JORGE SILVA,ES,PHS,96.0
ROBERTO BRITTO,BA,PP,711.58
ARTHUR VIRGÍLIO BISNETO,AM,PSDB,-51.0
MAURO PEREIRA,RS,PMDB,48.84
JOSÉ PRIANTE,PA,PMDB,1145.73
ROBERTO ALVES,SP,PRB,24.0
JOÃO DERLY,RS,REDE,79.0
MÁRIO HERINGER,MG,PDT,31.16
FAUSTO PINATO,SP,PP,100.0
VALTENIR PEREIRA,MT,PMDB,-12.58
ALFREDO KAEFER,PR,PSL,100.0
CARLOS GOMES,RS,PRB,526.68
VICENTE CANDIDO,SP,PT,62.3
MARCELO CASTRO,PI,PMDB,50.0
ALFREDO KAEFER,PR,PSL,43.0
MARCIO ALVINO,SP,PR,282.69
ADEMIR CAMILO,MG,PTN,-25.35
TAKAYAMA,PR,PSC,17000.0
VALADARES FILHO,SE,PSB,630.0
JOSUÉ BENGTSON,PA,PTB,1145.73
JOSI NUNES,TO,PMDB,300.0
FERNANDO JORDÃO,RJ,PMDB,170.25
ANTONIO BRITO,BA,PSD,50.47
CELSO MALDANER,SC,PMDB,263.1
GIVALDO VIEIRA,ES,PT,947.29
GIVALDO VIEIRA,ES,PT,36.0
OSMAR SERRAGLIO,PR,PMDB,126.0
ZÉ GERALDO,PA,PT,1024.63
SILVIO TORRES,SP,PSDB,80.5
CARMEN ZANOTTO,SC,PPS,229.52
WASHINGTON REIS,RJ,PMDB,538.63
ALBERTO FILHO,MA,PMDB,1489.27
LUCIANO DUCCI,PR,PSB,237.03
ANTONIO BRITO,BA,PSD,450.0
ENIO VERRI,PR,PT,366.63
ZECA DIRCEU,PR,PT,220.0
NILTON CAPIXABA,RO,PTB,150.0
LEO DE BRITO,AC,PT,96.45
SUBTENENTE GONZAGA,MG,PDT,-173.72
CÉLIO SILVEIRA,GO,PSDB,18.7
CELSO RUSSOMANNO,SP,PRB,152.1
JERÔNIMO GOERGEN,RS,PP,4.9
PAULO PEREIRA DA SILVA,SP,SD,80.0
ARNALDO JARDIM,SP,PPS,1178.1
LUIS CARLOS HEINZE,RS,PP,7500.0
CONCEIÇÃO SAMPAIO,AM,PP,40.0
JOSI NUNES,TO,PMDB,1538.09
RENATO MOLLING,RS,PP,791.69
JÚLIO DELGADO,MG,PSB,23.75
CÍCERO ALMEIDA,AL,PMDB,386.68
WLADIMIR COSTA,PA,SD,130.0
WLADIMIR COSTA,PA,SD,1456.63
GUILHERME COELHO,PE,PSDB,82.32
MAURO MARIANI,SC,PMDB,10.1
NELSON MARQUEZELLI,SP,PTB,100.0
CLARISSA GAROTINHO,RJ,PRB,-287.58
JUSCELINO FILHO,MA,DEM,10000.0
ZECA CAVALCANTI,PE,PTB,867.68
MISSIONÁRIO JOSÉ OLIMPIO,SP,DEM,140.0
ANTONIO BRITO,BA,PSD,3350.0
EDIO LOPES,RR,PR,-1388.1
RAUL JUNGMANN,PE,PPS,101.0
EFRAIM FILHO,PB,DEM,637.66
JOÃO ARRUDA,PR,PMDB,157.8
RONALDO MARTINS,CE,PRB,-317.48
FRANKLIN LIMA,MG,PP,60.0
MARCO MAIA,RS,PT,1.85
ALFREDO NASCIMENTO,AM,PR,1363.54
CHICO D'ANGELO,RJ,PT,104.0
PAULO FEIJÓ,RJ,PR,351.66
DANIEL COELHO,PE,PSDB,650.0
INDIO DA COSTA,RJ,PSD,902.54
DOMINGOS NETO,CE,PSD,213.84
EVANDRO GUSSI,SP,PV,4.0
PROFESSOR VICTÓRIO GALLI,MT,PSC,153.7
JOÃO MARCELO SOUZA,MA,PMDB,121.3
WALDENOR PEREIRA,BA,PT,15000.0
ALEXANDRE BALDY,GO,PTN,-495.63
SUBTENENTE GONZAGA,MG,PDT,19.0
PEPE VARGAS,RS,PT,122.51
MIGUEL HADDAD,SP,PSDB,775.63
CELSO PANSERA,RJ,PMDB,1505.63
ADEMIR CAMILO,MG,PTN,55.69
DARCÍSIO PERONDI,RS,PMDB,100.33
PEDRO VILELA,AL,PSDB,187.8
INDIO DA COSTA,RJ,PSD,31.52
DR. JOÃO,RJ,PR,537.79
FÁBIO MITIDIERI,SE,PSD,164.9
GIVALDO VIEIRA,ES,PT,18.0
EFRAIM FILHO,PB,DEM,100.0
JOSE STÉDILE,RS,PSB,19.5
TONINHO PINHEIRO,MG,PP,210.46
JOSÉ ROCHA,BA,PR,732.79
ARNALDO FARIA DE SÁ,SP,PTB,443.85
JORGE CÔRTE REAL,PE,PTB,48.94
PASTOR EURICO,PE,PHS,150.0
SERGIO VIDIGAL,ES,PDT,168.51
WALDENOR PEREIRA,BA,PT,254.89
MARGARIDA SALOMÃO,MG,PT,80.0
HUGO LEAL,RJ,PSB,802.24
DANILO CABRAL,PE,PSB,150.78
SERGIO SOUZA ,PR,PMDB,662.68
ZENAIDE MAIA,RN,PR,208.46
AELTON FREITAS,MG,PR,105.0
VALTENIR PEREIRA,MT,PMDB,95.03
KEIKO OTA,SP,PSB,3.2
BONIFÁCIO DE ANDRADA,MG,PSDB,31.93
PADRE JOÃO,MG,PT,202.01
MÁRIO NEGROMONTE JR.,BA,PP,30.39
JOSÉ CARLOS ALELUIA,BA,DEM,100.0
BETO FARO,PA,PT,50.0
CARLOS GOMES,RS,PRB,165.09
JOÃO FERNANDO COUTINHO,PE,PSB,209.99
JOSÉ MENTOR,SP,PT,-495.63
BILAC PINTO,MG,PR,121.03
CHRISTIANE DE SOUZA YARED,PR,PR,50.0
ESPERIDIÃO AMIN,SC,PP,-183.58
WILSON FILHO,PB,PTB,1111.93
RONALDO BENEDET,SC,PMDB,79.54
LUCIANA SANTOS,PE,PCdoB,50.0
ASSIS DO COUTO,PR,PDT,607.91
PAULO PEREIRA DA SILVA,SP,SD,702.68
DAVIDSON MAGALHÃES,BA,PCdoB,248.02
JANDIRA FEGHALI,RJ,PCdoB,813.54
FÁBIO RAMALHO,MG,PMDB,1018.63
RONALDO BENEDET,SC,PMDB,146.47
VALMIR PRASCIDELLI,SP,PT,46.32
PAULO FREIRE,SP,PR,167.81
PADRE JOÃO,MG,PT,4.8
ODORICO MONTEIRO,CE,PROS,572.79
EVANDRO GUSSI,SP,PV,14.0
ODORICO MONTEIRO,CE,PROS,209.0
DANIEL COELHO,PE,PSDB,1870.18
GENECIAS NORONHA,CE,SD,36.45
AELTON FREITAS,MG,PR,50.0
LUIS CARLOS HEINZE,RS,PP,1220.58
HENRIQUE FONTANA,RS,PT,6.9
JOSI NUNES,TO,PMDB,1248.62
VALDIR COLATTO,SC,PMDB,166.68
AFONSO HAMM,RS,PP,20.92
VALADARES FILHO,SE,PSB,961.48
JOÃO DERLY,RS,REDE,109.58
CLARISSA GAROTINHO,RJ,PRB,424.69
GERALDO RESENDE,MS,PSDB,604.73
FELIPE MAIA,RN,DEM,88.4
RODRIGO DE CASTRO,MG,PSDB,705.4
NELSON PELLEGRINO,BA,PT,147.61
FLAVIANO MELO,AC,PMDB,1789.77
MÁRIO NEGROMONTE JR.,BA,PP,10000.0
ALEXANDRE SERFIOTIS,RJ,PMDB,100.01
ROBERTO GÓES,AP,PDT,31.15
WILSON FILHO,PB,PTB,414.16
CABUÇU BORGES,AP,PMDB,49.38
JÚLIO DELGADO,MG,PSB,4.8
ALEXANDRE BALDY,GO,PTN,20898.0
PAULO MALUF,SP,PP,240.0
DANRLEI DE DEUS HINTERHOLZ,RS,PSD,6.3
EVAIR VIEIRA DE MELO,ES,PV,140.0
LUCIANA SANTOS,PE,PCdoB,813.54
ZECA DIRCEU,PR,PT,30.0
EDUARDO BARBOSA,MG,PSDB,2800.0
CELSO MALDANER,SC,PMDB,1000.0
LÚCIO VALE,PA,PR,930.9
ANA PERUGINI,SP,PT,5.8
VICENTE ARRUDA,CE,PDT,627.58
PAULO FOLETTO,ES,PSB,257.0
JOSÉ ROCHA,BA,PR,307.86
ALEX CANZIANI,PR,PTB,21.01
ENIO VERRI,PR,PT,-528.05
MIRO TEIXEIRA,RJ,REDE,1327.68
JARBAS VASCONCELOS,PE,PMDB,4.0
NILTON CAPIXABA,RO,PTB,53.4
JUTAHY JUNIOR,BA,PSDB,616.79
MIGUEL LOMBARDI,SP,PR,100.0
CHICO ALENCAR,RJ,PSOL,1139.69
HERMES PARCIANELLO,PR,PMDB,1151.39
CARLOS MANATO,ES,SD,1303.3
ARTHUR OLIVEIRA MAIA,BA,PPS,63.0
PEDRO UCZAI,SC,PT,199.0
PEPE VARGAS,RS,PT,115.76
MARCUS VICENTE,ES,PP,393.69
MOEMA GRAMACHO,BA,PT,120.0
GONZAGA PATRIOTA,PE,PSB,402.59
BRUNA FURLAN,SP,PSDB,57.35
CACÁ LEÃO,BA,PP,40.86
GEOVANIA DE SÁ,SC,PSDB,-82.27
LINDOMAR GARÇON,RO,PRB,351.03
ALCEU MOREIRA,RS,PMDB,120.0
AFONSO HAMM,RS,PP,321.58
RAUL JUNGMANN,PE,PPS,101.51
ALCEU MOREIRA,RS,PMDB,50.0
JUTAHY JUNIOR,BA,PSDB,152.14
GIOVANI CHERINI,RS,PR,605.58
FERNANDO MONTEIRO,PE,PP,50.0
ADILTON SACHETTI,MT,PSB,30.0
JOÃO FERNANDO COUTINHO,PE,PSB,180.0
JÔ MORAES,MG,PCdoB,449.39
ZENAIDE MAIA,RN,PR,80.0
NELSON PADOVANI,PR,PSDB,-3.97
JOSÉ AIRTON CIRILO,CE,PT,17.14
ALFREDO KAEFER,PR,PSL,50.0
LÁZARO BOTELHO,TO,PP,209.7
ÁTILA LINS,AM,PSD,6500.0
ROSANGELA GOMES,RJ,PRB,744.73
FÁBIO SOUSA,GO,PSDB,42.44
CABO DACIOLO,RJ,PTdoB,5.7
PAULO MALUF,SP,PP,3600.0
ULDURICO JUNIOR,BA,PV,661.76
MIGUEL HADDAD,SP,PSDB,873.0
KEIKO OTA,SP,PSB,-294.06
BETO FARO,PA,PT,44.77
DELEGADO WALDIR,GO,PR,203.42
MARCELO AGUIAR,SP,DEM,2230.2
THIAGO PEIXOTO,GO,PSD,3.2
WOLNEY QUEIROZ,PE,PDT,509.73
JOÃO ARRUDA,PR,PMDB,356.58
JOSÉ AIRTON CIRILO,CE,PT,630.63
RENZO BRAZ,MG,PP,110.0
KEIKO OTA,SP,PSB,1007.63
JOSE STÉDILE,RS,PSB,812.0
JOSÉ NUNES,BA,PSD,50.0
FÁBIO FARIA,RN,PSD,82.38
SAMUEL MOREIRA,SP,PSDB,489.61
JÚLIA MARINHO,PA,PSC,78.01
SARNEY FILHO,MA,PV,85.6
DAVI ALVES SILVA JÚNIOR,MA,PR,140.0
JÚLIA MARINHO,PA,PSC,436.81
FÁBIO MITIDIERI,SE,PSD,661.76
RAQUEL MUNIZ,MG,PSD,1661.63
LAERCIO OLIVEIRA,SE,SD,481.76
DANIEL VILELA,GO,PMDB,100.0
MIGUEL LOMBARDI,SP,PR,110.0
AUGUSTO COUTINHO ,PE,SD,34.9
JOÃO MARCELO SOUZA,MA,PMDB,200.0
MARCELO SQUASSONI,SP,PRB,147.75
ABEL MESQUITA JR.,RR,DEM,378.63
RENATA ABREU,SP,PTN,669.64
FRANKLIN LIMA,MG,PP,517.72
SÁGUAS MORAES,MT,PT,132.0
JÚLIO CESAR,PI,PSD,475.69
HELDER SALOMÃO,ES,PT,25.05
ELI CORRÊA FILHO,SP,DEM,32.0
GABRIEL GUIMARÃES,MG,PT,196.01
ODORICO MONTEIRO,CE,PROS,61.4
LAERCIO OLIVEIRA,SE,SD,80.0
JANETE CAPIBERIBE,AP,PSB,837.0
LÚCIO VALE,PA,PR,24.0
CAIO NARCIO,MG,PSDB,240.59
GONZAGA PATRIOTA,PE,PSB,659.58
LUIZ SÉRGIO,RJ,PT,-25.0
TIA ERON,BA,PRB,7604.2
VINICIUS CARVALHO,SP,PRB,182.02
VICENTE CANDIDO,SP,PT,100.0
JOÃO CASTELO,MA,PSDB,113.83
PAUDERNEY AVELINO,AM,DEM,-26.0
VALTENIR PEREIRA,MT,PMDB,135.04
GIACOBO,PR,PR,3861.9
DR. SINVAL MALHEIROS,SP,PTN,2.6
JULIO LOPES,RJ,PP,814.73
SERGIO SOUZA ,PR,PMDB,97.48
CHICO D'ANGELO,RJ,PT,100.0
MAGDA MOFATTO,GO,PR,4.3
LUCIO VIEIRA LIMA,BA,PMDB,2.35
JORGE BOEIRA,SC,PP,130.0
MARCELO AGUIAR,SP,DEM,80.0
MARCOS SOARES,RJ,DEM,210.53
JORGE SOLLA,BA,PT,60.0
ORLANDO SILVA,SP,PCdoB,10000.0
AELTON FREITAS,MG,PR,826.79
CHICO D'ANGELO,RJ,PT,130.0
REGINALDO LOPES,MG,PT,1910.33
JOSÉ AIRTON CIRILO,CE,PT,216.0
BENITO GAMA,BA,PTB,2.35
HELDER SALOMÃO,ES,PT,181.9
POMPEO DE MATTOS,RS,PDT,112.95
RICARDO TRIPOLI,SP,PSDB,57.39
OTAVIO LEITE,RJ,PSDB,33.68
ROGÉRIO PENINHA MENDONÇA,SC,PMDB,1909.83
JOÃO DANIEL,SE,PT,160.0
RUBENS BUENO,PR,PPS,161.88
LEONARDO QUINTÃO,MG,PMDB,1060.92
FLÁVIA MORAIS,GO,PDT,585.57
NELSON PELLEGRINO,BA,PT,4.0
HERCULANO PASSOS,SP,PSD,493.54
ADAIL CARNEIRO,CE,PP,647.68
ELIZEU DIONIZIO,MS,PSDB,40.16
GIOVANI CHERINI,RS,PR,189.83
JOSÉ CARLOS ARAÚJO,BA,PR,1062.83
DR. SINVAL MALHEIROS,SP,PTN,16.0
LEO DE BRITO,AC,PT,170.0
ZÉ AUGUSTO NALIN,RJ,PMDB,428.0
SARAIVA FELIPE,MG,PMDB,187.67
MAGDA MOFATTO,GO,PR,27.63
MARCIO ALVINO,SP,PR,25.0
FLAVINHO,SP,PSB,262.3
JOÃO PAULO PAPA,SP,PSDB,866.78
ROBERTO BALESTRA,GO,PP,6660.0
SÉRGIO MORAES,RS,PTB,22.39
CAIO NARCIO,MG,PSDB,240.0
EDINHO BEZ,SC,PMDB,182.35
MARCELO ÁLVARO ANTÔNIO,MG,PR,3627.0
ANDRES SANCHEZ,SP,PT,822.06
ORLANDO SILVA,SP,PCdoB,632.58
CARLOS ZARATTINI,SP,PT,735.63
CLAUDIO CAJADO,BA,DEM,49.1
PATRUS ANANIAS,MG,PT,114.57
GUILHERME MUSSI,SP,PP,1318.58
MAURO MARIANI,SC,PMDB,43.41
JOSÉ MENTOR,SP,PT,1676.5
DELEY,RJ,PTB,814.8
GONZAGA PATRIOTA,PE,PSB,57.18
ROBERTO DE LUCENA,SP,PV,103.03
CAIO NARCIO,MG,PSDB,2108.66
RAQUEL MUNIZ,MG,PSD,965.29
JUTAHY JUNIOR,BA,PSDB,108.0
CLARISSA GAROTINHO,RJ,PRB,1015.73
BILAC PINTO,MG,PR,133.47
CLAUDIO CAJADO,BA,DEM,11.85
MARIA DO ROSÁRIO,RS,PT,418.36
ZÉ GERALDO,PA,PT,716.83
FELIPE MAIA,RN,DEM,150.0
ANTÔNIO JÁCOME,RN,PTN,50.0
LUCIANA SANTOS,PE,PCdoB,28.0
PEDRO CUNHA LIMA,PB,PSDB,48.94
CHICO D'ANGELO,RJ,PT,74.0
EDMILSON RODRIGUES,PA,PSOL,392.58
LEÔNIDAS CRISTINO,CE,PDT,201.16
HIRAN GONÇALVES,RR,PP,2440.8
MARCOS ABRÃO,GO,PPS,577.26
JORGE SOLLA,BA,PT,24.98
RODRIGO MAIA,RJ,DEM,100.0
ALIEL MACHADO,PR,REDE,212.2
THIAGO PEIXOTO,GO,PSD,2048.11
DELEGADO FRANCISCHINI,PR,SD,64.73
JARBAS VASCONCELOS,PE,PMDB,1000.0
CÉLIO SILVEIRA,GO,PSDB,140.0
ELIZEU DIONIZIO,MS,PSDB,1021.02
EZEQUIEL FONSECA,MT,PP,100.0
GEORGE HILTON,MG,PROS,570.01
JORGE SOLLA,BA,PT,3.7
VALMIR PRASCIDELLI,SP,PT,107.2
SARAIVA FELIPE,MG,PMDB,1024.68
DELEGADO FRANCISCHINI,PR,SD,38.19
DIEGO GARCIA,PR,PHS,603.66
DR. SINVAL MALHEIROS,SP,PTN,351.83
OSMAR BERTOLDI,PR,DEM,45.5
JORGE BOEIRA,SC,PP,75.0
ZENAIDE MAIA,RN,PR,-509.83
MIGUEL LOMBARDI,SP,PR,150.0
MARQUINHO MENDES,RJ,PMDB,242.0
MÁRCIO MARINHO,BA,PRB,277.58
POMPEO DE MATTOS,RS,PDT,200.0
TADEU ALENCAR,PE,PSB,582.58
BONIFÁCIO DE ANDRADA,MG,PSDB,0.07
JORGE SOLLA,BA,PT,170.07
LEOPOLDO MEYER,PR,PSB,120.0
CAPITÃO AUGUSTO,SP,PR,45.01
LUIZ NISHIMORI,PR,PR,380.54
MARINHA RAUPP,RO,PMDB,1500.0
SÁGUAS MORAES,MT,PT,84.0
BACELAR,BA,PTN,100.0
LÁZARO BOTELHO,TO,PP,66.3
MAURO MARIANI,SC,PMDB,283.66
SILVIO TORRES,SP,PSDB,40.0
DIMAS FABIANO,MG,PP,45.0
FELIPE BORNIER,RJ,PROS,927.69
MARIA HELENA,RR,PSB,661.63
LUIZ COUTO,PB,PT,38.17
SÁGUAS MORAES,MT,PT,536.79
JANDIRA FEGHALI,RJ,PCdoB,924.69
LAUDIVIO CARVALHO,MG,SD,55.69
CARLOS ZARATTINI,SP,PT,110.0
BILAC PINTO,MG,PR,23.75
HERMES PARCIANELLO,PR,PMDB,2081.8
MARCOS ABRÃO,GO,PPS,761.76
SILAS CÂMARA,AM,PRB,200.0
LUIZ SÉRGIO,RJ,PT,1.95
ALEXANDRE BALDY,GO,PTN,4.6
GENECIAS NORONHA,CE,SD,170.19
JOSE STÉDILE,RS,PSB,6.3
MAX FILHO,ES,PSDB,230.83
DAGOBERTO,MS,PDT,2349.59
SERGIO SOUZA ,PR,PMDB,87.48
MARCOS ROGÉRIO,RO,DEM,315.49
AELTON FREITAS,MG,PR,206.8
FABIO GARCIA,MT,PSB,187.15
JANDIRA FEGHALI,RJ,PCdoB,55.09
CAIO NARCIO,MG,PSDB,174.83
MARCONDES GADELHA,PB,PSC,5000.0
JOÃO CASTELO,MA,PSDB,280.02
CELSO MALDANER,SC,PMDB,4.84
FÁBIO FARIA,RN,PSD,4000.0
REMÍDIO MONAI,RR,PR,100.0
SIMÃO SESSIM,RJ,PP,49.16
SERGIO SOUZA ,PR,PMDB,440.0
RAUL JUNGMANN,PE,PPS,1723.54
JORGE TADEU MUDALEN,SP,DEM,4.0
ALUISIO MENDES,MA,PTN,164.97
CELSO MALDANER,SC,PMDB,165.26
POMPEO DE MATTOS,RS,PDT,130.6
ROBERTO DE LUCENA,SP,PV,941.63
JOÃO CASTELO,MA,PSDB,-71.0
SÉRGIO REIS,SP,PRB,22.6
WILSON FILHO,PB,PTB,756.79
ESPERIDIÃO AMIN,SC,PP,1500.0
MAURO MARIANI,SC,PMDB,41.0
RENATA ABREU,SP,PTN,3700.0
ERIVELTON SANTANA,BA,PEN,37.78
PAULO ABI-ACKEL,MG,PSDB,4900.0
AFONSO HAMM,RS,PP,18.4
ZECA DIRCEU,PR,PT,7500.0
CARLOS EDUARDO CADOCA,PE,PDT,91.14
ZECA DIRCEU,PR,PT,14.0
HILDO ROCHA,MA,PMDB,100.02
LUCIANA SANTOS,PE,PCdoB,150.0
MARCELO BELINATI,PR,PP,3550.0
LUCIO VIEIRA LIMA,BA,PMDB,-494.73
CAJAR NARDES,RS,PR,4.9
MARCO TEBALDI,SC,PSDB,171.3
LUCIANA SANTOS,PE,PCdoB,181.98
JOÃO RODRIGUES,SC,PSD,689.87
JOZI ARAÚJO,AP,PTN,165.0
TONINHO WANDSCHEER,PR,PROS,172.13
WADIH DAMOUS,RJ,PT,1836.16
JOÃO RODRIGUES,SC,PSD,926.68
ÁTILA LIRA,PI,PSB,1424.0
DR. JOÃO,RJ,PR,277.63
POMPEO DE MATTOS,RS,PDT,15.0
VALDIR COLATTO,SC,PMDB,16.94
LUIS TIBÉ,MG,PTdoB,100.0
NILTO TATTO,SP,PT,39.43
PEDRO UCZAI,SC,PT,678.66
SERGIO SOUZA ,PR,PMDB,191.57
EDUARDO BARBOSA,MG,PSDB,334.65
LEONARDO MONTEIRO,MG,PT,34.36
HUGO MOTTA,PB,PMDB,366.76
SARAIVA FELIPE,MG,PMDB,-629.0
CARLOS MANATO,ES,SD,160.0
CAETANO,BA,PT,0.07
JOÃO RODRIGUES,SC,PSD,272.7
RODRIGO MAIA,RJ,DEM,20000.0
RÔNEY NEMER,DF,PP,115.01
JOSÉ GUIMARÃES,CE,PT,28.22
CARLOS EDUARDO CADOCA,PE,PDT,1008.32
NELSON MARCHEZAN JUNIOR,RS,PSDB,1024.97
LUIZ COUTO,PB,PT,39.8
PAULÃO,AL,PT,563.64
JARBAS VASCONCELOS,PE,PMDB,5150.0
PASTOR EURICO,PE,PHS,100.0
FELIPE BORNIER,RJ,PROS,-478.05
JORGE SOLLA,BA,PT,200.0
EDUARDO BARBOSA,MG,PSDB,29.0
CABUÇU BORGES,AP,PMDB,157.56
AELTON FREITAS,MG,PR,364.01
ANA PERUGINI,SP,PT,7.1
PEPE VARGAS,RS,PT,122.9
FRANCISCO FLORIANO,RJ,DEM,31.43
EDUARDO BARBOSA,MG,PSDB,93.29
FÁBIO RAMALHO,MG,PMDB,800.45
RAIMUNDO GOMES DE MATOS,CE,PSDB,107.8
RODRIGO MARTINS,PI,PSB,574.63
DELEGADO FRANCISCHINI,PR,SD,380.0
PEDRO UCZAI,SC,PT,165.0
SARNEY FILHO,MA,PV,86.43
CHICO ALENCAR,RJ,PSOL,31.55
LUIZA ERUNDINA,SP,PSOL,6.9
ZECA DIRCEU,PR,PT,922.0
FLAVIANO MELO,AC,PMDB,-100.66
MENDONÇA FILHO,PE,DEM,49.6
LAUDIVIO CARVALHO,MG,SD,68.0
OTAVIO LEITE,RJ,PSDB,9.7
JOÃO CAMPOS,GO,PRB,55.09
ANTONIO IMBASSAHY,BA,PSDB,100.0
SÉRGIO REIS,SP,PRB,305.63
DR. JOÃO,RJ,PR,53.25
VANDERLEI MACRIS,SP,PSDB,5.3
MAURO PEREIRA,RS,PMDB,60.0
EDUARDO DA FONTE,PE,PP,100.01
EDUARDO CUNHA,RJ,PMDB,778.6
BETO SALAME,PA,PP,151.02
VITOR LIPPI,SP,PSDB,23.92
SILAS CÂMARA,AM,PRB,100.0
VANDERLEI MACRIS,SP,PSDB,57.19
RÔMULO GOUVEIA,PB,PSD,130.0
WALDENOR PEREIRA,BA,PT,238.46
ADELMO CARNEIRO LEÃO,MG,PT,4500.0
PROFESSORA DORINHA SEABRA REZENDE,TO,DEM,29.9
EVANDRO GUSSI,SP,PV,5.4
MIGUEL LOMBARDI,SP,PR,125.65
CLAUDIO CAJADO,BA,DEM,150.0
MISSIONÁRIO JOSÉ OLIMPIO,SP,DEM,50.0
VICENTINHO,SP,PT,150.0
RAIMUNDO GOMES DE MATOS,CE,PSDB,200.26
JOSÉ GUIMARÃES,CE,PT,1333.27
BETO ROSADO,RN,PP,25.1
REINHOLD STEPHANES,PR,PSD,89.6
RAFAEL MOTTA,RN,PSB,710.89
CARLOS SAMPAIO,SP,PSDB,40.0
PAUDERNEY AVELINO,AM,DEM,24.0
MIGUEL HADDAD,SP,PSDB,846.63
ELIZEU DIONIZIO,MS,PSDB,6000.0
BACELAR,BA,PTN,24.0
SILVIO TORRES,SP,PSDB,42.2
CHICO D'ANGELO,RJ,PT,150.0
PATRUS ANANIAS,MG,PT,1105.69
DANIEL ALMEIDA,BA,PCdoB,575.69
JORGINHO MELLO,SC,PR,182.68
DANIEL ALMEIDA,BA,PCdoB,137.0
ELIZIANE GAMA,MA,PPS,9300.0
SEVERINO NINHO,PE,PSB,8.0
JUTAHY JUNIOR,BA,PSDB,120.0
LUIZIANNE LINS,CE,PT,962.58
PAULO FREIRE,SP,PR,850.85
DUARTE NOGUEIRA,SP,PSDB,57.39
MÁRCIO MARINHO,BA,PRB,990.0
SUBTENENTE GONZAGA,MG,PDT,434.63
ROBERTO DE LUCENA,SP,PV,104.0
MARIA DO ROSÁRIO,RS,PT,2350.0
LUIZ FERNANDO FARIA,MG,PP,210.09
LEO DE BRITO,AC,PT,70.0
ABEL MESQUITA JR.,RR,DEM,24.0
CÉLIO SILVEIRA,GO,PSDB,120.0
MIGUEL LOMBARDI,SP,PR,995.99
EXPEDITO NETTO,RO,PSD,500.0
TIA ERON,BA,PRB,-457.13
CARLOS EDUARDO CADOCA,PE,PDT,-241.73
GIVALDO CARIMBÃO,AL,PHS,487.69
JAIR BOLSONARO,RJ,PSC,838.58
LUCIANA SANTOS,PE,PCdoB,20.0
JAIME MARTINS,MG,PSD,619.72
CABUÇU BORGES,AP,PMDB,24.0
JOÃO CARLOS BACELAR,BA,PR,14.0
PEPE VARGAS,RS,PT,102.97
WEVERTON ROCHA,MA,PDT,722.63
MARCOS SOARES,RJ,DEM,53.0
LUCIO VIEIRA LIMA,BA,PMDB,100.0
EZEQUIEL FONSECA,MT,PP,953.33
MIGUEL LOMBARDI,SP,PR,7.7
LAUDIVIO CARVALHO,MG,SD,100.0
SUBTENENTE GONZAGA,MG,PDT,3179.0
JOÃO CAMPOS,GO,PRB,548.39
JEFFERSON CAMPOS,SP,PSD,3000.0
RONALDO BENEDET,SC,PMDB,1094.71
CARMEN ZANOTTO,SC,PPS,5400.0
DIEGO GARCIA,PR,PHS,45.39
RICARDO BENTINHO,SP,PRB,48.94
LUIZA ERUNDINA,SP,PSOL,6.9
PEPE VARGAS,RS,PT,115.03
VANDER LOUBET,MS,PT,235.24
DANIEL ALMEIDA,BA,PCdoB,84.07
WILSON FILHO,PB,PTB,-113.0
WADSON RIBEIRO,MG,PCdoB,26.0
SERGIO SOUZA ,PR,PMDB,56.71
RICARDO BENTINHO,SP,PRB,104.0
CÉSAR HALUM,TO,PRB,766.66
ABEL MESQUITA JR.,RR,DEM,177.0
ALESSANDRO MOLON,RJ,REDE,-1661.63
CAPITÃO AUGUSTO,SP,PR,5.3
GABRIEL GUIMARÃES,MG,PT,61.4
FAUSTO PINATO,SP,PP,629.96
RICARDO IZAR,SP,PP,472.8
TENENTE LÚCIO,MG,PSB,600.0
LUIZ CARLOS HAULY,PR,PSDB,51.98
MAURO MARIANI,SC,PMDB,156.0
ELI CORRÊA FILHO,SP,DEM,642.73
FAUSTO PINATO,SP,PP,100.02
JUTAHY JUNIOR,BA,PSDB,158.05
JORGE BOEIRA,SC,PP,41.0
RENATO MOLLING,RS,PP,350.0
VANDER LOUBET,MS,PT,158.26
ADEMIR CAMILO,MG,PTN,1584.2
MAURO LOPES,MG,PMDB,1139.69
MAJOR OLIMPIO,SP,SD,176.99
ADELMO CARNEIRO LEÃO,MG,PT,15.0
ASSIS CARVALHO,PI,PT,19.2
BETO SALAME,PA,PP,225.63
AFONSO FLORENCE,BA,PT,30.36
AFONSO FLORENCE,BA,PT,40.0
BRUNNY,MG,PR,160.0
CARLOS EDUARDO CADOCA,PE,PDT,80.0
FERNANDO COELHO FILHO,PE,PSB,639.0
MARIA DO ROSÁRIO,RS,PT,5.2
LUIS CARLOS HEINZE,RS,PP,1091.48
ZECA DIRCEU,PR,PT,36.25
AFONSO HAMM,RS,PP,5916.6
ROGÉRIO PENINHA MENDONÇA,SC,PMDB,47.0
GONZAGA PATRIOTA,PE,PSB,384.78
SAMUEL MOREIRA,SP,PSDB,1012.9
MAURO LOPES,MG,PMDB,1139.69
DIEGO GARCIA,PR,PHS,55.0
OSMAR TERRA,RS,PMDB,1283.58
LEO DE BRITO,AC,PT,35.5
LEOPOLDO MEYER,PR,PSB,94.42
LUIS CARLOS HEINZE,RS,PP,45.48
ALIEL MACHADO,PR,REDE,213.02
MARA GABRILLI,SP,PSDB,57.0
COVATTI FILHO,RS,PP,5.2
ZECA DIRCEU,PR,PT,14.5
DELEGADO ÉDER MAURO,PA,PSD,120.0
DR. SINVAL MALHEIROS,SP,PTN,237.73
BACELAR,BA,PTN,280.63
AFONSO MOTTA,RS,PDT,1247.8
CAPITÃO AUGUSTO,SP,PR,319.87
POMPEO DE MATTOS,RS,PDT,697.3
CARLOS HENRIQUE GAGUIM,TO,PTN,1415.39
ZECA DIRCEU,PR,PT,50.37
ESPERIDIÃO AMIN,SC,PP,304.63
NELSON MARQUEZELLI,SP,PTB,145.03
MARCELO BELINATI,PR,PP,1750.0
WILSON FILHO,PB,PTB,130.0
JÉSSICA SALES,AC,PMDB,1148.83
EVANDRO GUSSI,SP,PV,118.77
PR. MARCO FELICIANO,SP,PSC,3555.0
ALUISIO MENDES,MA,PTN,24.64
SÁGUAS MORAES,MT,PT,20.0
MARCO MAIA,RS,PT,622.78
AFONSO FLORENCE,BA,PT,100.0
LUIZ FERNANDO FARIA,MG,PP,1000.0
ANTONIO BRITO,BA,PSD,822.63
FAUSTO PINATO,SP,PP,735.83
RICARDO TRIPOLI,SP,PSDB,1094.63
DAVIDSON MAGALHÃES,BA,PCdoB,40.0
JARBAS VASCONCELOS,PE,PMDB,77.5
EDIO LOPES,RR,PR,-385.96
ALUISIO MENDES,MA,PTN,24.0
DIMAS FABIANO,MG,PP,5.65
LÚCIO VALE,PA,PR,47.2
LUIS TIBÉ,MG,PTdoB,54.4
VICENTE CANDIDO,SP,PT,1078.38
ADELMO CARNEIRO LEÃO,MG,PT,134.83
CHICO D'ANGELO,RJ,PT,145.59
CHRISTIANE DE SOUZA YARED,PR,PR,432.68
JÔ MORAES,MG,PCdoB,41.9
AFONSO HAMM,RS,PP,347.66
RENATO MOLLING,RS,PP,130.9
RODRIGO DE CASTRO,MG,PSDB,479.42
TONINHO WANDSCHEER,PR,PROS,666.57
NILTON CAPIXABA,RO,PTB,1465.63
LAUDIVIO CARVALHO,MG,SD,80.0
DR. JOÃO,RJ,PR,326.68
CELSO RUSSOMANNO,SP,PRB,19.29
TONINHO PINHEIRO,MG,PP,166.01
GENECIAS NORONHA,CE,SD,5000.0
SILVIO TORRES,SP,PSDB,512.38
PAULO MAGALHÃES,BA,PSD,12.35
RUBENS BUENO,PR,PPS,100.0
PEDRO FERNANDES,MA,PTB,377.58
CARLOS ZARATTINI,SP,PT,260.9
JONES MARTINS,RS,PMDB,447.0
LAERCIO OLIVEIRA,SE,SD,687.4
DÂMINA PEREIRA,MG,PSL,1552.56
LINCOLN PORTELA,MG,PRB,23.0
VICENTINHO JÚNIOR,TO,PR,57.39
FÁBIO RAMALHO,MG,PMDB,139.86
VINICIUS CARVALHO,SP,PRB,109.0
PEDRO VILELA,AL,PSDB,100.0
SÁGUAS MORAES,MT,PT,50.0
JÚLIO CESAR,PI,PSD,205.09
ALFREDO KAEFER,PR,PSL,100.0
ANDRÉ ABDON,AP,PP,357.13
PAULO FOLETTO,ES,PSB,12.35
RONALDO NOGUEIRA,RS,PTB,454.58
DELEGADO EDSON MOREIRA,MG,PR,510.0
PAULO TEIXEIRA,SP,PT,233.98
CARLOS BEZERRA,MT,PMDB,47.71
LAERCIO OLIVEIRA,SE,SD,1620.0
JOÃO CASTELO,MA,PSDB,20000.0
CABO DACIOLO,RJ,PTdoB,100.0
LUCIANO DUCCI,PR,PSB,153.47
LUIS TIBÉ,MG,PTdoB,834.73
RUBENS OTONI,GO,PT,25.9
DILCEU SPERAFICO,PR,PP,187.03
FABIO REIS,SE,PMDB,24.0
RONALDO BENEDET,SC,PMDB,219.61
TONINHO PINHEIRO,MG,PP,18.0
FRANCISCO CHAPADINHA,PA,PTN,4.7
JOSÉ OTÁVIO GERMANO,RS,PP,92.56
ARNON BEZERRA,CE,PTB,321.3
NELSON MEURER,PR,PP,230.44
PAULO TEIXEIRA,SP,PT,30.0
NEWTON CARDOSO JR,MG,PMDB,687.58
BRUNNY,MG,PR,190.77
AELTON FREITAS,MG,PR,136.46
GEOVANIA DE SÁ,SC,PSDB,6000.0
FELIPE MAIA,RN,DEM,491.73
JOSÉ PRIANTE,PA,PMDB,24.0
RODRIGO PACHECO,MG,PMDB,192.0
TONINHO PINHEIRO,MG,PP,1137.69
DARCÍSIO PERONDI,RS,PMDB,5874.0
LUIZ SÉRGIO,RJ,PT,40.95
POMPEO DE MATTOS,RS,PDT,136.84
GONZAGA PATRIOTA,PE,PSB,836.27
LEANDRE,PR,PV,67.35
ARNON BEZERRA,CE,PTB,105.8
JOSÉ PRIANTE,PA,PMDB,1163.45
LEOPOLDO MEYER,PR,PSB,643.33
HILDO ROCHA,MA,PMDB,44.47
PAULO ABI-ACKEL,MG,PSDB,280.61
MIGUEL LOMBARDI,SP,PR,-949.69
BEBETO,BA,PSB,76.5
CARLOS GOMES,RS,PRB,32.6
JÚLIO DELGADO,MG,PSB,11.2
LEONARDO QUINTÃO,MG,PMDB,64.0
MAJOR OLIMPIO,SP,SD,22.0
JORGINHO MELLO,SC,PR,151.01
CARLOS MELLES,MG,DEM,714.73
SILVIO TORRES,SP,PSDB,34.0
RODRIGO DE CASTRO,MG,PSDB,149.49
DIEGO GARCIA,PR,PHS,10.0
RAFAEL MOTTA,RN,PSB,396.56
LAUDIVIO CARVALHO,MG,SD,10.0
ALESSANDRO MOLON,RJ,REDE,87.0
JANDIRA FEGHALI,RJ,PCdoB,30.11
GIVALDO CARIMBÃO,AL,PHS,400.0
MIRO TEIXEIRA,RJ,REDE,36.45
DÉCIO LIMA,SC,PT,100.0
BILAC PINTO,MG,PR,709.72
ANTONIO IMBASSAHY,BA,PSDB,2330.0
CAPITÃO AUGUSTO,SP,PR,183.09
ARTHUR LIRA,AL,PP,24.0
LUIZ FERNANDO FARIA,MG,PP,247.98
RENATO MOLLING,RS,PP,20.9
MIGUEL LOMBARDI,SP,PR,100.0
LUIS TIBÉ,MG,PTdoB,100.0
LUIZ COUTO,PB,PT,42.14
VITOR LIPPI,SP,PSDB,14.48
FÁBIO RAMALHO,MG,PMDB,593.58
MORONI TORGAN,CE,DEM,400.23
JOSÉ CARLOS ARAÚJO,BA,PR,246.66
JARBAS VASCONCELOS,PE,PMDB,177.81
GIOVANI CHERINI,RS,PR,51.5
CHICO D'ANGELO,RJ,PT,2791.45
VAL AMÉLIO,AL,PRTB,154.2
ADELMO CARNEIRO LEÃO,MG,PT,905.63
ANA PERUGINI,SP,PT,7.7
LUIS TIBÉ,MG,PTdoB,445.85
SERGIO VIDIGAL,ES,PDT,584.83
JOÃO GUALBERTO,BA,PSDB,100.0
FRANCISCO CHAPADINHA,PA,PTN,129.85
RENATO MOLLING,RS,PP,0.32
MARCELO CASTRO,PI,PMDB,100.31
IRACEMA PORTELLA,PI,PP,41.09
JAIME MARTINS,MG,PSD,50.0
EDUARDO BOLSONARO,SP,PSC,729.54
MARIA HELENA,RR,PSB,33.3
WADSON RIBEIRO,MG,PCdoB,648.78
CELSO PANSERA,RJ,PMDB,129.15
AGUINALDO RIBEIRO,PB,PP,314.35
LEOPOLDO MEYER,PR,PSB,278.83
MARCO MAIA,RS,PT,100.0
ANA PERUGINI,SP,PT,20.99
AUGUSTO CARVALHO,DF,SD,202.04
CREUZA PEREIRA,PE,PSB,84.0
LEONARDO PICCIANI,RJ,PMDB,1278.58
CHRISTIANE DE SOUZA YARED,PR,PR,17.1
ALCEU MOREIRA,RS,PMDB,875.68
JOZI ARAÚJO,AP,PTN,9800.0
HÉLIO LEITE,PA,DEM,1635.0
CARLOS GOMES,RS,PRB,167.05
MARCOS ROTTA,AM,PMDB,-234.85
JONY MARCOS,SE,PRB,50.0
MIGUEL LOMBARDI,SP,PR,7.7
MARCO MAIA,RS,PT,53.9
HUGO LEAL,RJ,PSB,581.73
ALEX MANENTE,SP,PPS,-257.63
DIEGO GARCIA,PR,PHS,7.6
MIGUEL LOMBARDI,SP,PR,290.47
JORGE SOLLA,BA,PT,1183.44
PADRE JOÃO,MG,PT,490.69
LUCIANO DUCCI,PR,PSB,130.0
MARIA HELENA,RR,PSB,136.25
MARCOS ROGÉRIO,RO,DEM,0.91
ANDRE MOURA,SE,PSC,545.83
ALFREDO KAEFER,PR,PSL,-1530.63
CAIO NARCIO,MG,PSDB,190.03
ERIKA KOKAY,DF,PT,181.02
ADELMO CARNEIRO LEÃO,MG,PT,199.23
EFRAIM FILHO,PB,DEM,482.79
ARTHUR OLIVEIRA MAIA,BA,PPS,218.35
JOÃO RODRIGUES,SC,PSD,480.63
CAJAR NARDES,RS,PR,13.0
BETO MANSUR,SP,PRB,681.58
JOSÉ GUIMARÃES,CE,PT,260.68
JORGE TADEU MUDALEN,SP,DEM,3.4
SIMÃO SESSIM,RJ,PP,145.03
JANDIRA FEGHALI,RJ,PCdoB,534.8
LUCIO VIEIRA LIMA,BA,PMDB,7.5
PEDRO CHAVES,GO,PMDB,120.03
RICARDO BENTINHO,SP,PRB,4816.34
RONALDO LESSA,AL,PDT,29.9
CÍCERO ALMEIDA,AL,PMDB,136.42
POMPEO DE MATTOS,RS,PDT,120.0
PEDRO UCZAI,SC,PT,23.0
CAPITÃO AUGUSTO,SP,PR,111.0
RENATA ABREU,SP,PTN,28.05
MARCO TEBALDI,SC,PSDB,119.67
MÁRCIO MARINHO,BA,PRB,479.58
VALTENIR PEREIRA,MT,PMDB,613.63
LEONARDO QUINTÃO,MG,PMDB,180.0
RENATO MOLLING,RS,PP,130.0
WALDIR MARANHÃO,MA,PP,197.09
MISAEL VARELLA,MG,DEM,3000.0
LUIS CARLOS HEINZE,RS,PP,60.16
SILAS CÂMARA,AM,PRB,470.69
ZECA DO PT,MS,PT,284.83
DAVIDSON MAGALHÃES,BA,PCdoB,234.05
DR. SINVAL MALHEIROS,SP,PTN,9.5
JHC,AL,PSB,100.0
MAURO MARIANI,SC,PMDB,121.99
GONZAGA PATRIOTA,PE,PSB,17.55
VAL AMÉLIO,AL,PRTB,71.95
MARCOS MONTES,MG,PSD,558.0
RÔNEY NEMER,DF,PP,779.3
JOÃO PAULO PAPA,SP,PSDB,25.2
DAVIDSON MAGALHÃES,BA,PCdoB,164.4
ROBERTO DE LUCENA,SP,PV,44.7
TONINHO PINHEIRO,MG,PP,34.0
RAIMUNDO GOMES DE MATOS,CE,PSDB,67.62
LAURA CARNEIRO,RJ,PMDB,188.0
NEWTON CARDOSO JR,MG,PMDB,31.68
RENZO BRAZ,MG,PP,185.92
AUREO,RJ,SD,665.45
CABO DACIOLO,RJ,PTdoB,81.56
JOÃO CASTELO,MA,PSDB,172.47
JONY MARCOS,SE,PRB,185.06
SARNEY FILHO,MA,PV,508.64
RODRIGO DE CASTRO,MG,PSDB,15.0
ANDRES SANCHEZ,SP,PT,320.0
MAURO LOPES,MG,PMDB,160.0
JOÃO PAULO PAPA,SP,PSDB,40.0
LUIZ CLÁUDIO,RO,PR,149.97
ALEX CANZIANI,PR,PTB,20.0
JORGE CÔRTE REAL,PE,PTB,77.02
ROBERTO FREIRE,SP,PPS,166.7
DELEGADO ÉDER MAURO,PA,PSD,356.73
DIEGO GARCIA,PR,PHS,10.8
JOÃO DANIEL,SE,PT,4950.0
JOÃO DERLY,RS,REDE,199.11
LUCIANA SANTOS,PE,PCdoB,583.58
ERIVELTON SANTANA,BA,PEN,50.0
MÁRIO NEGROMONTE JR.,BA,PP,435.43
JÔ MORAES,MG,PCdoB,40.04
PATRUS ANANIAS,MG,PT,15.0
NELSON MARCHEZAN JUNIOR,RS,PSDB,824.54
MARCUS PESTANA,MG,PSDB,36.18
JOSÉ CARLOS ALELUIA,BA,DEM,-107.58
ADEMIR CAMILO,MG,PTN,376.72
JOSÉ FOGAÇA ,RS,PMDB,205.05
DIMAS FABIANO,MG,PP,44.0
LEANDRE,PR,PV,24.7
BRUNA FURLAN,SP,PSDB,515.29
RONALDO LESSA,AL,PDT,6500.0
JOSÉ MENTOR,SP,PT,344.0
NELSON PADOVANI,PR,PSDB,155.02
MAURO LOPES,MG,PMDB,919.13
JOÃO ARRUDA,PR,PMDB,150.0
ANTONIO BRITO,BA,PSD,25.0
MARCELO MATOS,RJ,PHS,174.73
ALFREDO KAEFER,PR,PSL,110.0
EROS BIONDINI,MG,PROS,150.0
JOSÉ CARLOS ALELUIA,BA,DEM,66.06
JARBAS VASCONCELOS,PE,PMDB,55.69
ROBERTO FREIRE,SP,PPS,15.0
CHRISTIANE DE SOUZA YARED,PR,PR,176.12
DIEGO GARCIA,PR,PHS,150.07
ALFREDO KAEFER,PR,PSL,110.03
ADELMO CARNEIRO LEÃO,MG,PT,95.92
PAULO TEIXEIRA,SP,PT,3.9
NEWTON CARDOSO JR,MG,PMDB,5900.0
SIMÃO SESSIM,RJ,PP,344.96
NELSON PADOVANI,PR,PSDB,1059.58
JORGINHO MELLO,SC,PR,617.79
JOSE STÉDILE,RS,PSB,12.6
HENRIQUE FONTANA,RS,PT,94.05
MARCELO BELINATI,PR,PP,299.73
JOÃO MARCELO SOUZA,MA,PMDB,278.12
SÉRGIO BRITO,BA,PSD,-153.54
DÉCIO LIMA,SC,PT,100.0
VANDERLEI MACRIS,SP,PSDB,27.0
CELSO MALDANER,SC,PMDB,171.6
LAUDIVIO CARVALHO,MG,SD,3750.0
BRUNO COVAS,SP,PSDB,204.73
MARCELO SQUASSONI,SP,PRB,5500.0
VICENTE ARRUDA,CE,PDT,-131.0
GORETE PEREIRA,CE,PR,1500.0
BRUNO COVAS,SP,PSDB,926.68
JOSÉ PRIANTE,PA,PMDB,213.64
LUIZ COUTO,PB,PT,507.3
BETO SALAME,PA,PP,204.02
JÔ MORAES,MG,PCdoB,23.75
ALEX CANZIANI,PR,PTB,555.83
PAULO PIMENTA,RS,PT,159.0
BACELAR,BA,PTN,1289.24
ELIZEU DIONIZIO,MS,PSDB,300.0
MOEMA GRAMACHO,BA,PT,35.1
DANIEL ALMEIDA,BA,PCdoB,7000.0
PASTOR EURICO,PE,PHS,177.03
JOÃO ARRUDA,PR,PMDB,130.0
NELSON MARCHEZAN JUNIOR,RS,PSDB,28.0
JERÔNIMO GOERGEN,RS,PP,50.0
JOÃO PAULO PAPA,SP,PSDB,45.25
WALNEY ROCHA,RJ,PEN,35.7
VALTENIR PEREIRA,MT,PMDB,236.48
MARCIO ALVINO,SP,PR,3.2
ADEMIR CAMILO,MG,PTN,272.9
RONALDO CARLETTO,BA,PP,68.73
KEIKO OTA,SP,PSB,3.2
CAPITÃO AUGUSTO,SP,PR,5.1
CARLOS EDUARDO CADOCA,PE,PDT,-0.11
JUTAHY JUNIOR,BA,PSDB,2000.0
MARIA DO ROSÁRIO,RS,PT,50.0
CHRISTIANE DE SOUZA YARED,PR,PR,716.68
NELSON MARQUEZELLI,SP,PTB,73.69
ONYX LORENZONI,RS,DEM,1310.63
AELTON FREITAS,MG,PR,180.6
JOÃO PAULO PAPA,SP,PSDB,177.68
RICARDO TEOBALDO ,PE,PTN,676.68
JOSÉ CARLOS ARAÚJO,BA,PR,1582.99
IRACEMA PORTELLA,PI,PP,532.0
VICENTE CANDIDO,SP,PT,100.0
MARCIO ALVINO,SP,PR,1536.77
WELITON PRADO,MG,PMB,141.55
TADEU ALENCAR,PE,PSB,445.63
GILBERTO NASCIMENTO,SP,PSC,426.48
MARX BELTRÃO,AL,PMDB,266.96
WILSON FILHO,PB,PTB,195.02
PAULO ABI-ACKEL,MG,PSDB,611.0
ABEL MESQUITA JR.,RR,DEM,-182.63
MARIA HELENA,RR,PSB,873.58
MARCELO BELINATI,PR,PP,160.0
PAULO MALUF,SP,PP,200.04
TIRIRICA,SP,PR,784.73
TONINHO PINHEIRO,MG,PP,24.0
BOSCO COSTA,SE,PROS,50.0
DANIEL COELHO,PE,PSDB,174.11
MIGUEL HADDAD,SP,PSDB,58.99
GEORGE HILTON,MG,PROS,4.8
JOÃO RODRIGUES,SC,PSD,4843.16
JOÃO FERNANDO COUTINHO,PE,PSB,99.0
MÁRIO NEGROMONTE JR.,BA,PP,89.2
BRUNA FURLAN,SP,PSDB,91.0
ROBERTO BALESTRA,GO,PP,4.3
FABIO GARCIA,MT,PSB,150.0
ALESSANDRO MOLON,RJ,REDE,55.0
MIGUEL LOMBARDI,SP,PR,8.7
GABRIEL GUIMARÃES,MG,PT,185.72
LÚCIO VALE,PA,PR,94.18
CABO SABINO,CE,PR,170.0
MARCON,RS,PT,24.0
CARMEN ZANOTTO,SC,PPS,150.0
ANTONIO BRITO,BA,PSD,80.0
HÉLIO LEITE,PA,DEM,225.48
LELO COIMBRA,ES,PMDB,41.09
LUIZ FERNANDO FARIA,MG,PP,-1265.63
MIGUEL HADDAD,SP,PSDB,125.89
DIEGO ANDRADE,MG,PSD,473.11
DR. JOÃO,RJ,PR,786.82
RAIMUNDO GOMES DE MATOS,CE,PSDB,146.3
JONY MARCOS,SE,PRB,170.54
EZEQUIEL TEIXEIRA,RJ,PTN,318.72
JOÃO MARCELO SOUZA,MA,PMDB,111.2
EDIO LOPES,RR,PR,83.35
LEANDRE,PR,PV,7.6
DELEY,RJ,PTB,1295.79
NILSON PINTO,PA,PSDB,1967.24
LUCIO MOSQUINI,RO,PMDB,1490.0
CABUÇU BORGES,AP,PMDB,186.03
BOSCO COSTA,SE,PROS,195.36
RONALDO CARLETTO,BA,PP,-1.95
JOÃO RODRIGUES,SC,PSD,81.0
VINICIUS CARVALHO,SP,PRB,197.88
MARINALDO ROSENDO,PE,PSB,342.58
FABIO REIS,SE,PMDB,2000.0
LOBBE NETO,SP,PSDB,550.0
BRUNNY,MG,PR,131.46
MÁRIO NEGROMONTE JR.,BA,PP,130.0
AGUINALDO RIBEIRO,PB,PP,30.0
RENZO BRAZ,MG,PP,95.73
SEVERINO NINHO,PE,PSB,753.5
PEDRO CHAVES,GO,PMDB,278.79
LINDOMAR GARÇON,RO,PRB,71.25
ADELMO CARNEIRO LEÃO,MG,PT,16.0
SILVIO TORRES,SP,PSDB,35.0
SÉRGIO MORAES,RS,PTB,5.2
DÉCIO LIMA,SC,PT,165.9
FABIO GARCIA,MT,PSB,184.87
ALCEU MOREIRA,RS,PMDB,161.01
LEONARDO QUINTÃO,MG,PMDB,24.91
HUGO LEAL,RJ,PSB,92.17
BENEDITA DA SILVA,RJ,PT,120.0
CHRISTIANE DE SOUZA YARED,PR,PR,304.64
CAPITÃO AUGUSTO,SP,PR,162.9
EFRAIM FILHO,PB,DEM,554.73
ALEX CANZIANI,PR,PTB,671.66
RAQUEL MUNIZ,MG,PSD,85.18
JÉSSICA SALES,AC,PMDB,33.0
MARGARIDA SALOMÃO,MG,PT,473.54
CHICO D'ANGELO,RJ,PT,138.03
ARLINDO CHINAGLIA,SP,PT,919.54
CAIO NARCIO,MG,PSDB,34.36
DÂMINA PEREIRA,MG,PSL,21.6
CARLOS MELLES,MG,DEM,31.93
SIMÃO SESSIM,RJ,PP,130.0
LUCIANO DUCCI,PR,PSB,885.11
JOÃO PAULO PAPA,SP,PSDB,50.0
FRANKLIN LIMA,MG,PP,2500.0
WALDIR MARANHÃO,MA,PP,415.58
ABEL MESQUITA JR.,RR,DEM,130.0
VALDIR COLATTO,SC,PMDB,80.0
POMPEO DE MATTOS,RS,PDT,19.84
JOÃO DERLY,RS,REDE,479.95
BONIFÁCIO DE ANDRADA,MG,PSDB,13.65
ADELMO CARNEIRO LEÃO,MG,PT,52.0
JAIR BOLSONARO,RJ,PSC,133.41
JOAQUIM PASSARINHO,PA,PSD,417.48
DIEGO GARCIA,PR,PHS,180.0
HUGO MOTTA,PB,PMDB,30.0
JOSÉ GUIMARÃES,CE,PT,40.0
CÉLIO SILVEIRA,GO,PSDB,130.0
PATRUS ANANIAS,MG,PT,52.19
RÔMULO GOUVEIA,PB,PSD,44.1
GIACOBO,PR,PR,40.0
BONIFÁCIO DE ANDRADA,MG,PSDB,13.65
TEREZA CRISTINA,MS,PSB,467.79
MAGDA MOFATTO,GO,PR,50.0
MILTON MONTI,SP,PR,150.0
LUIS TIBÉ,MG,PTdoB,50.0
FLAVINHO,SP,PSB,24.0
LINCOLN PORTELA,MG,PRB,587.5
ALEXANDRE SERFIOTIS,RJ,PMDB,45.58
EDUARDO CURY,SP,PSDB,96.8
OTAVIO LEITE,RJ,PSDB,182.81
FABIO GARCIA,MT,PSB,50.0
JOSE STÉDILE,RS,PSB,5.2
JANDIRA FEGHALI,RJ,PCdoB,100.0
WALDIR MARANHÃO,MA,PP,88.71
MISAEL VARELLA,MG,DEM,8985.0
JOAQUIM PASSARINHO,PA,PSD,1240.0
CELSO JACOB,RJ,PMDB,1006.71
HIRAN GONÇALVES,RR,PP,420.54
CARLOS MANATO,ES,SD,308.89
EROS BIONDINI,MG,PROS,-580.73
DÉCIO LIMA,SC,PT,159.09
ULDURICO JUNIOR,BA,PV,150.0
SERGIO VIDIGAL,ES,PDT,130.0
CAETANO,BA,PT,512.68
EVANDRO GUSSI,SP,PV,742.58
FLÁVIA MORAIS,GO,PDT,185.02
MAJOR OLIMPIO,SP,SD,1332.58
FRANCISCO FLORIANO,RJ,DEM,825.83
DÉCIO LIMA,SC,PT,120.0
GIVALDO CARIMBÃO,AL,PHS,213.0
PAULO ABI-ACKEL,MG,PSDB,13.65
EDUARDO DA FONTE,PE,PP,744.45
GABRIEL GUIMARÃES,MG,PT,200.0
NELSON MARCHEZAN JUNIOR,RS,PSDB,7598.65
LÁZARO BOTELHO,TO,PP,635.4
PAUDERNEY AVELINO,AM,DEM,299.2
LINCOLN PORTELA,MG,PRB,122.99
INDIO DA COSTA,RJ,PSD,97.2
MARA GABRILLI,SP,PSDB,171.69
JORGE SOLLA,BA,PT,374.83
TEREZA CRISTINA,MS,PSB,542.81
JUTAHY JUNIOR,BA,PSDB,100.0
LEONARDO QUINTÃO,MG,PMDB,37.38
DR. SINVAL MALHEIROS,SP,PTN,2117.16
WELITON PRADO,MG,PMB,11.85
CAETANO,BA,PT,440.83
JORGE SOLLA,BA,PT,2.1
VICENTINHO,SP,PT,652.64
MARCOS MONTES,MG,PSD,221.76
JOSE STÉDILE,RS,PSB,150.06
MIGUEL LOMBARDI,SP,PR,100.0
JORGINHO MELLO,SC,PR,300.73
EXPEDITO NETTO,RO,PSD,220.35
CLARISSA GAROTINHO,RJ,PRB,120.0
RENATO MOLLING,RS,PP,15.0
RENZO BRAZ,MG,PP,15.1
AFONSO HAMM,RS,PP,24.5
MIGUEL LOMBARDI,SP,PR,3.2
BENEDITA DA SILVA,RJ,PT,369.69
SILAS FREIRE,PI,PR,-140.1
MARCELO ARO,MG,PHS,168.86
MARCON,RS,PT,150.0
PEDRO VILELA,AL,PSDB,469.64
MARCIO ALVINO,SP,PR,490.53
MARCO MAIA,RS,PT,50.0
HERCULANO PASSOS,SP,PSD,20.0
MARCUS PESTANA,MG,PSDB,33.75
ARNALDO JORDY,PA,PPS,280.02
PAULO MALUF,SP,PP,70.0
PEDRO CUNHA LIMA,PB,PSDB,190.0
HERCULANO PASSOS,SP,PSD,26.0
FERNANDO MONTEIRO,PE,PP,160.0
SORAYA SANTOS,RJ,PMDB,-578.63
PROFESSORA MARCIVANIA,AP,PCdoB,50.0
CÍCERO ALMEIDA,AL,PMDB,-604.63
DIEGO ANDRADE,MG,PSD,122.0
ELIZIANE GAMA,MA,PPS,490.83
JOÃO DERLY,RS,REDE,81.7
FRANCISCO FLORIANO,RJ,DEM,61.4
LEÔNIDAS CRISTINO,CE,PDT,-54.0
MARINALDO ROSENDO,PE,PSB,55.09
ANGELIM,AC,PT,183.87
DAVIDSON MAGALHÃES,BA,PCdoB,321.19
DELEGADO EDSON MOREIRA,MG,PR,23.75
MACEDO,CE,PP,57.18
ROGÉRIO PENINHA MENDONÇA,SC,PMDB,36.3
MARX BELTRÃO,AL,PMDB,3000.0
ANTÔNIO JÁCOME,RN,PTN,38.0
SUBTENENTE GONZAGA,MG,PDT,94.54
DOMINGOS NETO,CE,PSD,150.0
RENZO BRAZ,MG,PP,1300.0
FELIPE BORNIER,RJ,PROS,330.23
VALDIR COLATTO,SC,PMDB,93.22
CARLOS ZARATTINI,SP,PT,135.0
CAIO NARCIO,MG,PSDB,177.02
ANÍBAL GOMES,CE,PMDB,130.0
ROBERTO ALVES,SP,PRB,435.26
MARCUS VICENTE,ES,PP,158.6
JORGE SOLLA,BA,PT,206.09
GIOVANI CHERINI,RS,PR,1546.05
JORGINHO MELLO,SC,PR,138.01
WOLNEY QUEIROZ,PE,PDT,1350.69
EDMAR ARRUDA,PR,PSD,-804.66
JÚLIO DELGADO,MG,PSB,-944.72
ROBERTO FREIRE,SP,PPS,70.0
LUCIO MOSQUINI,RO,PMDB,250.0
ALICE PORTUGAL,BA,PCdoB,100.0
PAULO PIMENTA,RS,PT,5000.0
GIACOBO,PR,PR,1276.0
BOHN GASS,RS,PT,154.52
LAUDIVIO CARVALHO,MG,SD,25.31
EVANDRO GUSSI,SP,PV,778.75
JOSÉ AIRTON CIRILO,CE,PT,946.54
ROGÉRIO PENINHA MENDONÇA,SC,PMDB,18.99
ALEXANDRE VALLE,RJ,PR,74.0
PEPE VARGAS,RS,PT,1260.47
JOSE STÉDILE,RS,PSB,367.21
JHC,AL,PSB,100.0
FÁBIO RAMALHO,MG,PMDB,151.25
ARLINDO CHINAGLIA,SP,PT,336.3
ANA PERUGINI,SP,PT,8.0
COVATTI FILHO,RS,PP,70.05
BENITO GAMA,BA,PTB,300.0
JUTAHY JUNIOR,BA,PSDB,394.63
CAPITÃO AUGUSTO,SP,PR,178.0
DAVI ALVES SILVA JÚNIOR,MA,PR,470.95
RONALDO CARLETTO,BA,PP,709.25
FRANCISCO FLORIANO,RJ,DEM,8.0
CAJAR NARDES,RS,PR,54.98
SARAIVA FELIPE,MG,PMDB,63.81
CARLOS BEZERRA,MT,PMDB,59.84
FÁBIO MITIDIERI,SE,PSD,113.46
PEDRO FERNANDES,MA,PTB,782.58
JULIO LOPES,RJ,PP,0.11
EZEQUIEL TEIXEIRA,RJ,PTN,150.0
PAULO MALUF,SP,PP,85.0
ROBERTO ALVES,SP,PRB,10000.0
BENEDITA DA SILVA,RJ,PT,659.58
ROBERTO FREIRE,SP,PPS,58.1
DELEGADO WALDIR,GO,PR,140.08
BENEDITA DA SILVA,RJ,PT,37.02
LINDOMAR GARÇON,RO,PRB,2075.63
CLEBER VERDE,MA,PRB,811.66
JUNIOR MARRECA,MA,PEN,160.83
ESPERIDIÃO AMIN,SC,PP,100.0
MIGUEL LOMBARDI,SP,PR,1191.8
HENRIQUE FONTANA,RS,PT,4.8
RENZO BRAZ,MG,PP,20.43
SILAS FREIRE,PI,PR,467.63
WALDENOR PEREIRA,BA,PT,223.64
PEPE VARGAS,RS,PT,1310.73
SILVIO TORRES,SP,PSDB,70.0
EDUARDO CURY,SP,PSDB,47.3
CHICO LOPES,CE,PCdoB,252.81
DANRLEI DE DEUS HINTERHOLZ,RS,PSD,5.9
VALDIR COLATTO,SC,PMDB,53.28
COVATTI FILHO,RS,PP,1260.8
GIACOBO,PR,PR,-356.58
RODRIGO PACHECO,MG,PMDB,360.0
ERIVELTON SANTANA,BA,PEN,2301.62
BETO SALAME,PA,PP,100.0
LINDOMAR GARÇON,RO,PRB,693.83
HELDER SALOMÃO,ES,PT,14.0
MARIA DO ROSÁRIO,RS,PT,1748.58
MARCOS SOARES,RJ,DEM,179.42
HIRAN GONÇALVES,RR,PP,4000.0
CLARISSA GAROTINHO,RJ,PRB,34.99
VALDIR COLATTO,SC,PMDB,100.0
BETO ROSADO,RN,PP,100.0
RONALDO MARTINS,CE,PRB,62.09
MARCUS VICENTE,ES,PP,24.0
JOÃO DANIEL,SE,PT,404.35
VICENTINHO JÚNIOR,TO,PR,500.0
ZECA DIRCEU,PR,PT,30.0
HEITOR SCHUCH,RS,PSB,665.86
RICARDO TRIPOLI,SP,PSDB,35.7
DIEGO GARCIA,PR,PHS,150.0
WEVERTON ROCHA,MA,PDT,110.06
DIEGO GARCIA,PR,PHS,18.6
ANDRÉ FIGUEIREDO,CE,PDT,-260.0
GLAUBER BRAGA,RJ,PSOL,-1305.63
MAURO MARIANI,SC,PMDB,184.02
FRANCISCO FLORIANO,RJ,DEM,120.1
MARA GABRILLI,SP,PSDB,92.0
TONINHO WANDSCHEER,PR,PROS,4950.0
CRISTIANE BRASIL,RJ,PTB,-194.63
JHC,AL,PSB,470.73
ARTHUR OLIVEIRA MAIA,BA,PPS,71.8
ALEX CANZIANI,PR,PTB,350.25
ROBERTO FREIRE,SP,PPS,55.09
CARLOS SAMPAIO,SP,PSDB,490.69
ANTONIO BRITO,BA,PSD,179.14
JANDIRA FEGHALI,RJ,PCdoB,637.19
VALMIR ASSUNÇÃO,BA,PT,926.79
VALDIR COLATTO,SC,PMDB,4.2
FRANCISCO FLORIANO,RJ,DEM,32.24
STEFANO AGUIAR,MG,PSD,938.72
LUIZ LAURO FILHO,SP,PSB,177.21
ADELMO CARNEIRO LEÃO,MG,PT,4500.0
RENATO MOLLING,RS,PP,1783.65
EFRAIM FILHO,PB,DEM,50.0
GIUSEPPE VECCI,GO,PSDB,160.2
FELIPE MAIA,RN,DEM,8000.0
HERÁCLITO FORTES,PI,PSB,1378.58
LUCIO MOSQUINI,RO,PMDB,1676.66
SÉRGIO MORAES,RS,PTB,24.0
BENEDITA DA SILVA,RJ,PT,280.0
ELI CORRÊA FILHO,SP,DEM,30.0
JOÃO FERNANDO COUTINHO,PE,PSB,4000.0
DÉCIO LIMA,SC,PT,177.64
HUGO LEAL,RJ,PSB,-927.0
AFONSO MOTTA,RS,PDT,230.04
LUCIANA SANTOS,PE,PCdoB,-1549.69
EDUARDO DA FONTE,PE,PP,208.56
JONY MARCOS,SE,PRB,219.99
CAPITÃO AUGUSTO,SP,PR,4.0
SIMÃO SESSIM,RJ,PP,177.01
DANIEL COELHO,PE,PSDB,24.0
DANIEL VILELA,GO,PMDB,8000.0
BRUNO ARAÚJO,PE,PSDB,586.66
CELSO MALDANER,SC,PMDB,905.76
JOÃO CARLOS BACELAR,BA,PR,4002.31
ALFREDO KAEFER,PR,PSL,299.25
LEONARDO PICCIANI,RJ,PMDB,199.99
MARCO MAIA,RS,PT,1701.69
DULCE MIRANDA,TO,PMDB,304.0
MISSIONÁRIO JOSÉ OLIMPIO,SP,DEM,93.01
HUGO LEAL,RJ,PSB,-353.73
BETO ROSADO,RN,PP,22.3
GUILHERME MUSSI,SP,PP,75.7
LUIZ COUTO,PB,PT,39.8
PAES LANDIM,PI,PTB,912.54
DIEGO GARCIA,PR,PHS,140.0
REGINALDO LOPES,MG,PT,31.15
MILTON MONTI,SP,PR,200.73
SERGIO SOUZA ,PR,PMDB,-179.83
RUBENS BUENO,PR,PPS,46.1
ADELMO CARNEIRO LEÃO,MG,PT,167.0
EVANDRO ROMAN,PR,PSD,55.1
VALTENIR PEREIRA,MT,PMDB,1251.21
MARCIO ALVINO,SP,PR,1.7
TONINHO PINHEIRO,MG,PP,1201.72
DAVIDSON MAGALHÃES,BA,PCdoB,247.68
ROBERTO FREIRE,SP,PPS,199.1
MORONI TORGAN,CE,DEM,74.58
CAPITÃO AUGUSTO,SP,PR,239.0
VICENTE CANDIDO,SP,PT,564.4
GORETE PEREIRA,CE,PR,-58.0
TAKAYAMA,PR,PSC,178.63
CELSO MALDANER,SC,PMDB,177.02
IRAJÁ ABREU,TO,PSD,335.0
ANTONIO CARLOS MENDES THAME,SP,PV,442.58
PEDRO UCZAI,SC,PT,360.0
ERIVELTON SANTANA,BA,PEN,50.0
JOÃO RODRIGUES,SC,PSD,3396.77
DIEGO GARCIA,PR,PHS,5.1
NILSON PINTO,PA,PSDB,80.0
PEDRO UCZAI,SC,PT,949.07
RUBENS BUENO,PR,PPS,1629.0
VITOR LIPPI,SP,PSDB,107.0
MARGARIDA SALOMÃO,MG,PT,906.79
GIOVANI CHERINI,RS,PR,50.0
MARCOS SOARES,RJ,DEM,440.0
DELEGADO FRANCISCHINI,PR,SD,1453.71
MIRO TEIXEIRA,RJ,REDE,33.88
SAMUEL MOREIRA,SP,PSDB,100.0
VICENTINHO JÚNIOR,TO,PR,8.67
CAPITÃO AUGUSTO,SP,PR,130.7
SERGIO SOUZA ,PR,PMDB,698.5
PAULO PEREIRA DA SILVA,SP,SD,1077.79
LEÔNIDAS CRISTINO,CE,PDT,100.0
VALTENIR PEREIRA,MT,PMDB,2000.0
MARCOS ABRÃO,GO,PPS,6000.0
ARLINDO CHINAGLIA,SP,PT,269.0
VALTENIR PEREIRA,MT,PMDB,41.8
ERIVELTON SANTANA,BA,PEN,749.58
BETO MANSUR,SP,PRB,219.49
CARLOS EDUARDO CADOCA,PE,PDT,530.0
DÂMINA PEREIRA,MG,PSL,7.95
MARA GABRILLI,SP,PSDB,61.4
ADELSON BARRETO,SE,PR,291.76
LAUDIVIO CARVALHO,MG,SD,50.0
ALESSANDRO MOLON,RJ,REDE,1448.19
DR. SINVAL MALHEIROS,SP,PTN,2.4
NELSON MARCHEZAN JUNIOR,RS,PSDB,68.0
RODRIGO PACHECO,MG,PMDB,483.49
MENDONÇA FILHO,PE,DEM,605.06
EVANDRO GUSSI,SP,PV,145.6
SERGIO SOUZA ,PR,PMDB,-71.66
CHICO ALENCAR,RJ,PSOL,144.34
CELSO PANSERA,RJ,PMDB,1732.72
FRANCISCO FLORIANO,RJ,DEM,32.82
CABO DACIOLO,RJ,PTdoB,198.94
HERCULANO PASSOS,SP,PSD,12.6
RENZO BRAZ,MG,PP,26.0
OSMAR SERRAGLIO,PR,PMDB,500.0
JERÔNIMO GOERGEN,RS,PP,162.0
JORGE SOLLA,BA,PT,12.52
AFONSO MOTTA,RS,PDT,19.0
DANRLEI DE DEUS HINTERHOLZ,RS,PSD,150.0
VANDERLEI MACRIS,SP,PSDB,122.99
EVAIR VIEIRA DE MELO,ES,PV,50.0
HUGO MOTTA,PB,PMDB,639.0
CARLOS ZARATTINI,SP,PT,83.78
AGUINALDO RIBEIRO,PB,PP,1122.16
SIBÁ MACHADO,AC,PT,100.0
MARQUINHO MENDES,RJ,PMDB,847.68
ROGÉRIO ROSSO,DF,PSD,128.41
MAIA FILHO,PI,PP,774.18
VALTENIR PEREIRA,MT,PMDB,32.6
ALICE PORTUGAL,BA,PCdoB,410.1
SORAYA SANTOS,RJ,PMDB,764.69
CAPITÃO AUGUSTO,SP,PR,56.6
AFONSO MOTTA,RS,PDT,57.99
ARNALDO JORDY,PA,PPS,31.6
JOÃO PAULO PAPA,SP,PSDB,928.58
BRUNA FURLAN,SP,PSDB,57.0
JANDIRA FEGHALI,RJ,PCdoB,1584.53
JORGE TADEU MUDALEN,SP,DEM,172.05
EDINHO BEZ,SC,PMDB,185.06
ARNALDO JORDY,PA,PPS,8.5
NELSON MARCHEZAN JUNIOR,RS,PSDB,-0.11
JÚLIO DELGADO,MG,PSB,11.2
RODRIGO DE CASTRO,MG,PSDB,150.0
LUCIO VIEIRA LIMA,BA,PMDB,461.58
GEOVANIA DE SÁ,SC,PSDB,249.0
JUTAHY JUNIOR,BA,PSDB,107.95
WEVERTON ROCHA,MA,PDT,441.92
CARLOS ANDRADE,RR,PHS,429.73
CELSO RUSSOMANNO,SP,PRB,15.0
FABIANO HORTA,RJ,PT,150.0
EVAIR VIEIRA DE MELO,ES,PV,985.35
DOMINGOS NETO,CE,PSD,300.84
ZECA DIRCEU,PR,PT,354.54
CHICO ALENCAR,RJ,PSOL,2.69
HILDO ROCHA,MA,PMDB,526.58
JOÃO FERNANDO COUTINHO,PE,PSB,102.96
VANDER LOUBET,MS,PT,376.76
JHONATAN DE JESUS,RR,PRB,10500.0
SORAYA SANTOS,RJ,PMDB,-529.58
JAIME MARTINS,MG,PSD,50.0
SERGIO SOUZA ,PR,PMDB,440.0
AFONSO MOTTA,RS,PDT,5.2
MARCO TEBALDI,SC,PSDB,270.0
PEPE VARGAS,RS,PT,716.73
CACÁ LEÃO,BA,PP,217.0
ANTONIO BULHÕES,SP,PRB,100.0
REGINALDO LOPES,MG,PT,30.0
ADELSON BARRETO,SE,PR,350.0
LUIZA ERUNDINA,SP,PSOL,4.0
CLAUDIO CAJADO,BA,DEM,733.16
FERNANDO JORDÃO,RJ,PMDB,875.73
LEANDRE,PR,PV,13.65
TAKAYAMA,PR,PSC,146.9
CACÁ LEÃO,BA,PP,123.51
PADRE JOÃO,MG,PT,193.07
JOSÉ PRIANTE,PA,PMDB,131.11
ALCEU MOREIRA,RS,PMDB,150.0
DELEGADO EDSON MOREIRA,MG,PR,127.95
LUIZ CLÁUDIO,RO,PR,57.0
LOBBE NETO,SP,PSDB,359.6
ARNON BEZERRA,CE,PTB,231.67
PAULO PEREIRA DA SILVA,SP,SD,438.69
FLAVINHO,SP,PSB,167.0
RAFAEL MOTTA,RN,PSB,200.0
JOÃO MARCELO SOUZA,MA,PMDB,151.7
CABUÇU BORGES,AP,PMDB,47.14
ADELMO CARNEIRO LEÃO,MG,PT,1687.13
MARIA HELENA,RR,PSB,420.12
MARCON,RS,PT,87.87
JANDIRA FEGHALI,RJ,PCdoB,437.69
EVANDRO ROMAN,PR,PSD,20.57
GUILHERME MUSSI,SP,PP,912.68
ROBERTO ALVES,SP,PRB,767.33
MARIA DO ROSÁRIO,RS,PT,1175.77
CAPITÃO AUGUSTO,SP,PR,28.0
ESPERIDIÃO AMIN,SC,PP,275.2
ALEX CANZIANI,PR,PTB,1232.63
CABUÇU BORGES,AP,PMDB,132.39
RONALDO BENEDET,SC,PMDB,8.9
RAQUEL MUNIZ,MG,PSD,600.35
CARLOS MELLES,MG,DEM,5893.9
CARLOS BEZERRA,MT,PMDB,382.95
LUIS TIBÉ,MG,PTdoB,211.63
DIEGO GARCIA,PR,PHS,5.7
RAQUEL MUNIZ,MG,PSD,1429.69
JOSÉ CARLOS ALELUIA,BA,DEM,1077.79
FABIO GARCIA,MT,PSB,377.92
ROBERTO TEIXEIRA,PE,PP,466.63
MARX BELTRÃO,AL,PMDB,-475.68
ZECA DIRCEU,PR,PT,20.0
SÁGUAS MORAES,MT,PT,291.0
LUIZIANNE LINS,CE,PT,23.04
MIGUEL LOMBARDI,SP,PR,8.7
AGUINALDO RIBEIRO,PB,PP,583.0
PADRE JOÃO,MG,PT,787.35
RÔMULO GOUVEIA,PB,PSD,1320.0
JORGE TADEU MUDALEN,SP,DEM,10.5
SILVIO TORRES,SP,PSDB,1796.69
AELTON FREITAS,MG,PR,100.01
LÚCIO VALE,PA,PR,1562.58
CHICO D'ANGELO,RJ,PT,50.0
MARIA DO ROSÁRIO,RS,PT,70.0
TONINHO PINHEIRO,MG,PP,130.0
MARCO MAIA,RS,PT,1629.73
CLARISSA GAROTINHO,RJ,PRB,189.0
MARCUS VICENTE,ES,PP,427.54
VALDIR COLATTO,SC,PMDB,100.0
JOAQUIM PASSARINHO,PA,PSD,3500.0
ALIEL MACHADO,PR,REDE,-401.03
DAGOBERTO,MS,PDT,-125.07
FRANCISCO FLORIANO,RJ,DEM,1385.33
EDUARDO CURY,SP,PSDB,31.08
OSMAR SERRAGLIO,PR,PMDB,28.0
RAQUEL MUNIZ,MG,PSD,222.18
PADRE JOÃO,MG,PT,100.0
JÚLIO DELGADO,MG,PSB,106.02
JORGE CÔRTE REAL,PE,PTB,450.85
MARIA HELENA,RR,PSB,1018.73
JOÃO PAULO PAPA,SP,PSDB,397.3
ADELMO CARNEIRO LEÃO,MG,PT,490.69
PEPE VARGAS,RS,PT,19.8
EDUARDO DA FONTE,PE,PP,-1048.63
NELSON MEURER,PR,PP,55.69
JOSÉ NUNES,BA,PSD,1000.0
RICARDO TEOBALDO ,PE,PTN,5000.0
EDINHO BEZ,SC,PMDB,42.0
FRANKLIN LIMA,MG,PP,282.0
AELTON FREITAS,MG,PR,87.5
TONINHO PINHEIRO,MG,PP,24.0
JANDIRA FEGHALI,RJ,PCdoB,309.0
GLAUBER BRAGA,RJ,PSOL,-1023.73
DR. JOÃO,RJ,PR,162.62
ALEX CANZIANI,PR,PTB,911.36
ROBERTO DE LUCENA,SP,PV,67.69
MAURO MARIANI,SC,PMDB,158.5
ROGÉRIO PENINHA MENDONÇA,SC,PMDB,28.5
PROFESSORA DORINHA SEABRA REZENDE,TO,DEM,16.18
ELMAR NASCIMENTO,BA,DEM,24.0
CARLOS MELLES,MG,DEM,421.66
SILVIO TORRES,SP,PSDB,44.05
ALCEU MOREIRA,RS,PMDB,140.0
AELTON FREITAS,MG,PR,668.1
AUREO,RJ,SD,12.0
CÉSAR HALUM,TO,PRB,600.0
ALEXANDRE LEITE,SP,DEM,992.68
HISSA ABRAHÃO,AM,PDT,50.0
MARCIO ALVINO,SP,PR,12.7
BONIFÁCIO DE ANDRADA,MG,PSDB,-1502.72
DR. JORGE SILVA,ES,PHS,85.68
LEOPOLDO MEYER,PR,PSB,40.7
IZALCI LUCAS,DF,PSDB,242.13
JORGE BOEIRA,SC,PP,15.92
GERALDO RESENDE,MS,PSDB,132.06
LEÔNIDAS CRISTINO,CE,PDT,2490.0
CARLOS HENRIQUE GAGUIM,TO,PTN,43.58
MARCIO ALVINO,SP,PR,327.06
MARCELO CASTRO,PI,PMDB,50.02
ASSIS CARVALHO,PI,PT,2932.0
JAIR BOLSONARO,RJ,PSC,33.36
JOÃO GUALBERTO,BA,PSDB,739.58
EFRAIM FILHO,PB,DEM,1564.63
JOÃO CASTELO,MA,PSDB,100.0
MARIA DO ROSÁRIO,RS,PT,120.09
EROS BIONDINI,MG,PROS,1.8
MOSES RODRIGUES,CE,PMDB,40.0
MAURO LOPES,MG,PMDB,122.6
GEOVANIA DE SÁ,SC,PSDB,100.0
DIEGO GARCIA,PR,PHS,20.0
DÂMINA PEREIRA,MG,PSL,31.93
JOÃO DERLY,RS,REDE,161.89
PATRUS ANANIAS,MG,PT,25.5
ROBERTO SALES,RJ,PRB,4300.0
SIMONE MORGADO,PA,PMDB,241.17
EVANDRO GUSSI,SP,PV,79.92
CARLOS ANDRADE,RR,PHS,498.94
HERÁCLITO FORTES,PI,PSB,3575.0
DANIEL ALMEIDA,BA,PCdoB,544.69
WELLINGTON ROBERTO,PB,PR,15.15
ARTHUR VIRGÍLIO BISNETO,AM,PSDB,567.0
PROFESSORA MARCIVANIA,AP,PCdoB,120.0
JÔ MORAES,MG,PCdoB,88.96
JOÃO RODRIGUES,SC,PSD,420.76
MARCELO MATOS,RJ,PHS,226.72
RODRIGO PACHECO,MG,PMDB,40.0
NELSON MARQUEZELLI,SP,PTB,3100.0
ANTÔNIO JÁCOME,RN,PTN,490.83
HELDER SALOMÃO,ES,PT,3.8
BENJAMIN MARANHÃO,PB,SD,26.8
JORGE SOLLA,BA,PT,193.0
ANTONIO IMBASSAHY,BA,PSDB,52.96
ADALBERTO CAVALCANTI,PE,PTB,53.08
RÔNEY NEMER,DF,PP,50.0
ADILTON SACHETTI,MT,PSB,20.0
ROSSONI,PR,PSDB,517.54
LUIZ FERNANDO FARIA,MG,PP,383.92
MANOEL JUNIOR,PB,PMDB,80.0
DIMAS FABIANO,MG,PP,965.54
MARCOS SOARES,RJ,DEM,-636.63
NELSON PADOVANI,PR,PSDB,106.04
IRAJÁ ABREU,TO,PSD,23.92
ALIEL MACHADO,PR,REDE,18.04
MOISÉS DINIZ,AC,PCdoB,23000.0
GIOVANI CHERINI,RS,PR,150.0
FRANCISCO CHAPADINHA,PA,PTN,220.76
JANDIRA FEGHALI,RJ,PCdoB,233.0
HENRIQUE FONTANA,RS,PT,270.0
SIBÁ MACHADO,AC,PT,158.14
AFONSO HAMM,RS,PP,85.27
DELEY,RJ,PTB,61.4
JOSÉ ROCHA,BA,PR,46.0
ARTHUR VIRGÍLIO BISNETO,AM,PSDB,50.0
ZÉ SILVA,MG,SD,180.0
VINICIUS CARVALHO,SP,PRB,699.0
LINCOLN PORTELA,MG,PRB,130.0
AUGUSTO COUTINHO ,PE,SD,164.5
JÔ MORAES,MG,PCdoB,787.63
SORAYA SANTOS,RJ,PMDB,1161.81
NILTO TATTO,SP,PT,25.0
DIEGO GARCIA,PR,PHS,13.0
MARIA DO ROSÁRIO,RS,PT,206.0
JOSE STÉDILE,RS,PSB,423.21
DILCEU SPERAFICO,PR,PP,3000.0
CELSO RUSSOMANNO,SP,PRB,214.54
RODRIGO DE CASTRO,MG,PSDB,23.75
CÉSAR MESSIAS,AC,PSB,627.66
JORGE SOLLA,BA,PT,42.49
ODELMO LEÃO,MG,PP,111.68
HUGO LEAL,RJ,PSB,-1849.3
KEIKO OTA,SP,PSB,3.5
ANGELIM,AC,PT,60.03
JORGE SOLLA,BA,PT,3.7
MARCIO ALVINO,SP,PR,130.0
OTAVIO LEITE,RJ,PSDB,50.0
MARCIO ALVINO,SP,PR,27.2
SARNEY FILHO,MA,PV,371.98
SERGIO VIDIGAL,ES,PDT,7000.0
RENZO BRAZ,MG,PP,411.11
PROFESSOR VICTÓRIO GALLI,MT,PSC,425.0
MARIA DO ROSÁRIO,RS,PT,84.69
NELSON MEURER,PR,PP,7.6
VITOR LIPPI,SP,PSDB,227.02
JOÃO ARRUDA,PR,PMDB,50.0
ERIVELTON SANTANA,BA,PEN,851.55
FÁBIO FARIA,RN,PSD,865.73
JAIME MARTINS,MG,PSD,23.75
SUBTENENTE GONZAGA,MG,PDT,10.0
LEÔNIDAS CRISTINO,CE,PDT,100.0
DANILO CABRAL,PE,PSB,756.79
JÉSSICA SALES,AC,PMDB,60.0
MARIA DO ROSÁRIO,RS,PT,356.42
GEOVANIA DE SÁ,SC,PSDB,1448.92
MARIA DO ROSÁRIO,RS,PT,110.0
LÁZARO BOTELHO,TO,PP,1387.49
SIMÃO SESSIM,RJ,PP,194.5
POMPEO DE MATTOS,RS,PDT,904.73
MARCUS PESTANA,MG,PSDB,532.44
MAURO MARIANI,SC,PMDB,336.76
RODRIGO DE CASTRO,MG,PSDB,634.63
JOSI NUNES,TO,PMDB,1554.75
VITOR LIPPI,SP,PSDB,203.49
ARNALDO JORDY,PA,PPS,1977.0
MARCUS VICENTE,ES,PP,1.5
ROBERTO GÓES,AP,PDT,66.28
JOAQUIM PASSARINHO,PA,PSD,24.0
GIOVANI CHERINI,RS,PR,129.0
LINDOMAR GARÇON,RO,PRB,274.85
JANDIRA FEGHALI,RJ,PCdoB,316.0
MANOEL JUNIOR,PB,PMDB,1422.0
GUILHERME COELHO,PE,PSDB,140.5
LINCOLN PORTELA,MG,PRB,174.01
NELSON PADOVANI,PR,PSDB,200.0
ROSSONI,PR,PSDB,124.95
ORLANDO SILVA,SP,PCdoB,222.42
MARCUS VICENTE,ES,PP,376.49
JOSÉ CARLOS ARAÚJO,BA,PR,130.0
JOÃO MARCELO SOUZA,MA,PMDB,216.4
ALEXANDRE VALLE,RJ,PR,3000.0
ANA PERUGINI,SP,PT,7.7
LEO DE BRITO,AC,PT,90.0
CARLOS GOMES,RS,PRB,200.13
TAKAYAMA,PR,PSC,292.61
OSMAR TERRA,RS,PMDB,-1264.63
JERÔNIMO GOERGEN,RS,PP,1491.58
SÉRGIO BRITO,BA,PSD,869.21
DÉCIO LIMA,SC,PT,10.95
LUCIANA SANTOS,PE,PCdoB,150.01
SÁGUAS MORAES,MT,PT,568.73
WILSON BESERRA,RJ,PMDB,802.63
JOSÉ CARLOS ALELUIA,BA,DEM,6800.0
RENZO BRAZ,MG,PP,2250.0
MARINHA RAUPP,RO,PMDB,123.49
EDIO LOPES,RR,PR,586.58
FRANCISCO CHAPADINHA,PA,PTN,356.26
CRISTIANE BRASIL,RJ,PTB,906.68
BOHN GASS,RS,PT,16.98
SÁGUAS MORAES,MT,PT,528.08
GEOVANIA DE SÁ,SC,PSDB,265.0
JOÃO PAULO KLEINÜBING,SC,PSD,34.0
BRUNO COVAS,SP,PSDB,50.0
BALEIA ROSSI,SP,PMDB,43.9
BEBETO,BA,PSB,314.68
DULCE MIRANDA,TO,PMDB,419.66
BRUNNY,MG,PR,100.0
DIEGO GARCIA,PR,PHS,200.0
EDUARDO BARBOSA,MG,PSDB,1551.21
SUBTENENTE GONZAGA,MG,PDT,71.4
LUCIANA SANTOS,PE,PCdoB,140.05
LEONARDO QUINTÃO,MG,PMDB,1250.37
LUCIANA SANTOS,PE,PCdoB,693.58
PAULO PEREIRA DA SILVA,SP,SD,1099.58
FRANCISCO FLORIANO,RJ,DEM,135.21
WEVERTON ROCHA,MA,PDT,130.0
JORGINHO MELLO,SC,PR,157.03
ANGELIM,AC,PT,145.28
MARCON,RS,PT,169.02
JERÔNIMO GOERGEN,RS,PP,158.7
HEITOR SCHUCH,RS,PSB,80.0
TIA ERON,BA,PRB,-2.25
MAX FILHO,ES,PSDB,389.8
LAUDIVIO CARVALHO,MG,SD,50.02
BILAC PINTO,MG,PR,15.58
OSMAR SERRAGLIO,PR,PMDB,168.99
MIGUEL LOMBARDI,SP,PR,151.69
JAIME MARTINS,MG,PSD,40.04
LUIZ CARLOS HAULY,PR,PSDB,195.0
GIACOBO,PR,PR,492.2
FLAVINHO,SP,PSB,18.9
BENITO GAMA,BA,PTB,85.01
LUCIANA SANTOS,PE,PCdoB,166.99
ALFREDO KAEFER,PR,PSL,100.0
CAPITÃO AUGUSTO,SP,PR,6.2
JOSÉ CARLOS ALELUIA,BA,DEM,130.0
JOZI ARAÚJO,AP,PTN,96.01
MARIA DO ROSÁRIO,RS,PT,30.3
ZECA DO PT,MS,PT,64.72
FERNANDO COELHO FILHO,PE,PSB,255.01
ANDRÉ ABDON,AP,PP,-3.97
BENJAMIN MARANHÃO,PB,SD,704.96
RONALDO BENEDET,SC,PMDB,77.24
GIVALDO CARIMBÃO,AL,PHS,185.01
JOÃO DERLY,RS,REDE,130.0
LUIS TIBÉ,MG,PTdoB,50.0
MÁRIO HERINGER,MG,PDT,576.63
LINCOLN PORTELA,MG,PRB,626.83
ONYX LORENZONI,RS,DEM,1407.63
WELITON PRADO,MG,PMB,112.0
MOEMA GRAMACHO,BA,PT,100.0
ROGÉRIO ROSSO,DF,PSD,100.0
STEFANO AGUIAR,MG,PSD,671.72
JONES MARTINS,RS,PMDB,50.0
MILTON MONTI,SP,PR,4000.0
LEONARDO PICCIANI,RJ,PMDB,1151.63
VANDERLEI MACRIS,SP,PSDB,6.6
ROGÉRIO PENINHA MENDONÇA,SC,PMDB,323.83
NIVALDO ALBUQUERQUE,AL,PRP,80.0
ANA PERUGINI,SP,PT,8.3
FABIO GARCIA,MT,PSB,80.0
VANDERLEI MACRIS,SP,PSDB,8.0
ANA PERUGINI,SP,PT,3.7
EDMILSON RODRIGUES,PA,PSOL,489.64
ARLINDO CHINAGLIA,SP,PT,357.66
MARA GABRILLI,SP,PSDB,60.6
JORGE TADEU MUDALEN,SP,DEM,100.0
AFONSO MOTTA,RS,PDT,583.99
DELEGADO FRANCISCHINI,PR,SD,158.61
JOÃO MARCELO SOUZA,MA,PMDB,149.2
FLAVIANO MELO,AC,PMDB,-828.63
SIMÃO SESSIM,RJ,PP,100.0
LOBBE NETO,SP,PSDB,20.95
DR. JOÃO,RJ,PR,232.0
LUIZ CLÁUDIO,RO,PR,235.92
ABEL MESQUITA JR.,RR,DEM,394.58
FLAVIANO MELO,AC,PMDB,1789.77
PAULO FEIJÓ,RJ,PR,313.71
JOSÉ NUNES,BA,PSD,660.76
SÁGUAS MORAES,MT,PT,163.75
MARCO TEBALDI,SC,PSDB,158.0
PAULO ABI-ACKEL,MG,PSDB,130.0
FLAVINHO,SP,PSB,36.3
FLAVINHO,SP,PSB,710.06
ANDRÉ ABDON,AP,PP,477.1
SEVERINO NINHO,PE,PSB,40.0
LÚCIO VALE,PA,PR,996.58
PAULO MAGALHÃES,BA,PSD,285.33
REGINALDO LOPES,MG,PT,24.0
JÚLIO DELGADO,MG,PSB,89.92
MARA GABRILLI,SP,PSDB,119.35
EDUARDO BARBOSA,MG,PSDB,216.7
GIVALDO CARIMBÃO,AL,PHS,454.64
RODRIGO PACHECO,MG,PMDB,499.35
STEFANO AGUIAR,MG,PSD,77.28
DR. JORGE SILVA,ES,PHS,5400.0
AFONSO HAMM,RS,PP,202.31
PAULO ABI-ACKEL,MG,PSDB,82.0
JOÃO GUALBERTO,BA,PSDB,149.3
LUIZ CARLOS HAULY,PR,PSDB,40.0
SÁGUAS MORAES,MT,PT,82.77
CAIO NARCIO,MG,PSDB,11.8
SUBTENENTE GONZAGA,MG,PDT,490.69
BEBETO,BA,PSB,15.9
LUIZ CARLOS BUSATO,RS,PTB,15.0
MARCELO AGUIAR,SP,DEM,396.13
PR. MARCO FELICIANO,SP,PSC,270.22
THIAGO PEIXOTO,GO,PSD,50.0
JOÃO ARRUDA,PR,PMDB,200.01
ROBERTO BALESTRA,GO,PP,56.1
JÚLIO CESAR,PI,PSD,893.35
JUTAHY JUNIOR,BA,PSDB,100.0
PAULO PIMENTA,RS,PT,100.0
EDUARDO CUNHA,RJ,PMDB,81.39
RUBENS PEREIRA JÚNIOR,MA,PCdoB,280.1
JULIO LOPES,RJ,PP,292.63
CARLOS HENRIQUE GAGUIM,TO,PTN,133.0
BENITO GAMA,BA,PTB,10500.0
JOSÉ GUIMARÃES,CE,PT,1057.82
JEAN WYLLYS,RJ,PSOL,10000.0
NILSON LEITÃO,MT,PSDB,255.04
JOÃO PAULO PAPA,SP,PSDB,100.0
SARAIVA FELIPE,MG,PMDB,80.01
GONZAGA PATRIOTA,PE,PSB,389.53
ANGELA ALBINO,SC,PCdoB,1.2
JOSÉ CARLOS ARAÚJO,BA,PR,51.12
ARNALDO FARIA DE SÁ,SP,PTB,1376.63
SÓSTENES CAVALCANTE,RJ,DEM,450.0
CARLOS EDUARDO CADOCA,PE,PDT,89.74
VENEZIANO VITAL DO RÊGO,PB,PMDB,315.63
PROFESSORA DORINHA SEABRA REZENDE,TO,DEM,336.73
BETO SALAME,PA,PP,215.0
AFONSO FLORENCE,BA,PT,519.64
NELSON MARQUEZELLI,SP,PTB,-1203.63
DANIEL ALMEIDA,BA,PCdoB,2600.0
ADALBERTO CAVALCANTI,PE,PTB,855.73
CACÁ LEÃO,BA,PP,500.89
GORETE PEREIRA,CE,PR,200.0
VICENTE ARRUDA,CE,PDT,443.47
JOÃO CASTELO,MA,PSDB,75.02
CARLOS ANDRADE,RR,PHS,120.0
CONCEIÇÃO SAMPAIO,AM,PP,1196.63
KEIKO OTA,SP,PSB,27.7
ROGÉRIO MARINHO,RN,PSDB,6000.0
ANDRES SANCHEZ,SP,PT,705.06
EDINHO ARAÚJO,SP,PMDB,412.1
WEVERTON ROCHA,MA,PDT,154.2
SIBÁ MACHADO,AC,PT,828.54
LUCIO VIEIRA LIMA,BA,PMDB,977.63
AUREO,RJ,SD,100.0
DR. SINVAL MALHEIROS,SP,PTN,4.6
ALEX CANZIANI,PR,PTB,12.4
AFONSO MOTTA,RS,PDT,116.65
MAIA FILHO,PI,PP,52.5
JOSÉ GUIMARÃES,CE,PT,48.94
ALTINEU CÔRTES,RJ,PMDB,1067.68
GUILHERME MUSSI,SP,PP,1085.88
ALICE PORTUGAL,BA,PCdoB,49.61
ANA PERUGINI,SP,PT,5.6
PAULÃO,AL,PT,3500.0
REGINALDO LOPES,MG,PT,1800.0
VANDERLEI MACRIS,SP,PSDB,140.0
MILTON MONTI,SP,PR,6450.0
JOSE STÉDILE,RS,PSB,235.84
LUCIANA SANTOS,PE,PCdoB,896.63
MARGARIDA SALOMÃO,MG,PT,12.0
RENZO BRAZ,MG,PP,24.9
JERÔNIMO GOERGEN,RS,PP,26.0
PAUDERNEY AVELINO,AM,DEM,24.0
VICENTE CANDIDO,SP,PT,-250.0
ADEMIR CAMILO,MG,PTN,222.48
VENEZIANO VITAL DO RÊGO,PB,PMDB,-50.0
MARCELO CASTRO,PI,PMDB,140.77
MARCIO ALVINO,SP,PR,253.69
MANOEL JUNIOR,PB,PMDB,111.47
JOSÉ CARLOS ALELUIA,BA,DEM,1257.3
PAULO MAGALHÃES,BA,PSD,-1623.69
PAULO MARTINS,PR,PSDB,104.52
DOMINGOS NETO,CE,PSD,276.65
CABO SABINO,CE,PR,66.85
MAURO PEREIRA,RS,PMDB,44.74
GIACOBO,PR,PR,435.85
GILBERTO NASCIMENTO,SP,PSC,130.0
ANTÔNIO JÁCOME,RN,PTN,40.0
LÚCIO VALE,PA,PR,1260.58
PASTOR EURICO,PE,PHS,254.94
FAUSTO PINATO,SP,PP,5900.0
ALICE PORTUGAL,BA,PCdoB,131.14
ALBERTO FRAGA,DF,DEM,795.15
CHICO LOPES,CE,PCdoB,1692.93
DANILO FORTE,CE,PSB,917.04
SÉRGIO MORAES,RS,PTB,867.58
NELSON MARCHEZAN JUNIOR,RS,PSDB,550.0
AFONSO MOTTA,RS,PDT,238.43
DANILO CABRAL,PE,PSB,223.51
JÚLIO DELGADO,MG,PSB,4.6
JOSE STÉDILE,RS,PSB,100.0
JOÃO PAULO PAPA,SP,PSDB,8.0
AFONSO HAMM,RS,PP,146.54
BENEDITA DA SILVA,RJ,PT,153.79
EVANDRO GUSSI,SP,PV,6.2
PAULO TEIXEIRA,SP,PT,50.0
MARCUS PESTANA,MG,PSDB,1543.62
CARLOS SAMPAIO,SP,PSDB,1525.73
LAURA CARNEIRO,RJ,PMDB,80.0
RONALDO MARTINS,CE,PRB,100.0
IRACEMA PORTELLA,PI,PP,20.98
WELLINGTON ROBERTO,PB,PR,100.0
CELSO PANSERA,RJ,PMDB,-182.0
DÂMINA PEREIRA,MG,PSL,490.69
DOMINGOS NETO,CE,PSD,130.0
ZECA DO PT,MS,PT,607.79
WALDENOR PEREIRA,BA,PT,1531.66
MAURO MARIANI,SC,PMDB,145.01
GONZAGA PATRIOTA,PE,PSB,98.2
EDINHO BEZ,SC,PMDB,160.0
DARCÍSIO PERONDI,RS,PMDB,665.76
BOSCO COSTA,SE,PROS,967.79
CAPITÃO AUGUSTO,SP,PR,30.0
TONINHO WANDSCHEER,PR,PROS,75.06
DR. JOÃO,RJ,PR,4800.0
LAERCIO OLIVEIRA,SE,SD,24.0
MIGUEL HADDAD,SP,PSDB,70.0
MARA GABRILLI,SP,PSDB,720.35
JOÃO ARRUDA,PR,PMDB,10.1
POMPEO DE MATTOS,RS,PDT,37.0
JAIME MARTINS,MG,PSD,210.46
RONALDO MARTINS,CE,PRB,578.4
MARCOS ABRÃO,GO,PPS,201.63
VALDIR COLATTO,SC,PMDB,45.0
ARTHUR LIRA,AL,PP,-723.63
RENATA ABREU,SP,PTN,352.38
MARCOS REATEGUI,AP,PSD,26.96
DIMAS FABIANO,MG,PP,38.71
MARINALDO ROSENDO,PE,PSB,789.58
PEPE VARGAS,RS,PT,197.02
GOULART,SP,PSD,476.61
BEBETO,BA,PSB,-315.0
INDIO DA COSTA,RJ,PSD,81.0
ROBERTO FREIRE,SP,PPS,706.63
EZEQUIEL FONSECA,MT,PP,907.58
VALDIR COLATTO,SC,PMDB,15.92
ORLANDO SILVA,SP,PCdoB,80.56
POMPEO DE MATTOS,RS,PDT,155.0
SERGIO SOUZA ,PR,PMDB,378.04
AFONSO HAMM,RS,PP,1958.72
HÉLIO LEITE,PA,DEM,687.0
HERCULANO PASSOS,SP,PSD,100.0
JOSÉ GUIMARÃES,CE,PT,81.7
WASHINGTON REIS,RJ,PMDB,658.88
LAUDIVIO CARVALHO,MG,SD,41.2
CABO DACIOLO,RJ,PTdoB,7.3
JOSÉ OTÁVIO GERMANO,RS,PP,1144.21
LUIZA ERUNDINA,SP,PSOL,3560.5
ROGÉRIO MARINHO,RN,PSDB,851.85
JOSÉ CARLOS ARAÚJO,BA,PR,10.3
HUGO LEAL,RJ,PSB,45.0
SIMÃO SESSIM,RJ,PP,180.0
GONZAGA PATRIOTA,PE,PSB,220.93
DUARTE NOGUEIRA,SP,PSDB,1685.66
TIRIRICA,SP,PR,90.99
VICENTE CANDIDO,SP,PT,150.0
JULIO LOPES,RJ,PP,2553.07
MÁRCIO MARINHO,BA,PRB,136.87
FELIPE BORNIER,RJ,PROS,1032.6
MANDETTA,MS,DEM,2347.57
DIEGO GARCIA,PR,PHS,9.0
WILSON BESERRA,RJ,PMDB,13.4
LUIZA ERUNDINA,SP,PSOL,3.25
SILAS CÂMARA,AM,PRB,106.05
EDIO LOPES,RR,PR,-283.0
CAPITÃO AUGUSTO,SP,PR,609.4
ANA PERUGINI,SP,PT,7.0
ALEXANDRE SERFIOTIS,RJ,PMDB,213.17
HEULER CRUVINEL,GO,PSD,2188.28
PADRE JOÃO,MG,PT,306.94
CARLOS GOMES,RS,PRB,173.04
FABIO REIS,SE,PMDB,154.0
MOEMA GRAMACHO,BA,PT,130.0
JOÃO ARRUDA,PR,PMDB,24.0
CARLOS EDUARDO CADOCA,PE,PDT,4000.0
JERÔNIMO GOERGEN,RS,PP,6.3
FERNANDO JORDÃO,RJ,PMDB,435.53
JORGE SOLLA,BA,PT,2.1
VICENTINHO JÚNIOR,TO,PR,500.0
GOULART,SP,PSD,499.64
RODRIGO PACHECO,MG,PMDB,24.0
JORGE SOLLA,BA,PT,433.51
JUSCELINO FILHO,MA,DEM,431.63
WASHINGTON REIS,RJ,PMDB,80.0
FABIO GARCIA,MT,PSB,200.0
ZÉ CARLOS,MA,PT,50.4
MAURO MARIANI,SC,PMDB,835.73
NELSON MARQUEZELLI,SP,PTB,225.06
DARCÍSIO PERONDI,RS,PMDB,255.98
PAULO MARTINS,PR,PSDB,1015.66
LUIS CARLOS HEINZE,RS,PP,215.01
VALDIR COLATTO,SC,PMDB,190.54
RENATO MOLLING,RS,PP,52.25
MIGUEL LOMBARDI,SP,PR,249.0
CABO SABINO,CE,PR,105.06
BENJAMIN MARANHÃO,PB,SD,130.0
WASHINGTON REIS,RJ,PMDB,1475.24
VANDER LOUBET,MS,PT,185.78
ALBERTO FRAGA,DF,DEM,38.9
SORAYA SANTOS,RJ,PMDB,-0.11
ELIZIANE GAMA,MA,PPS,404.0
JAIME MARTINS,MG,PSD,123.2
JÚLIO DELGADO,MG,PSB,1045.79
LUIS CARLOS HEINZE,RS,PP,280.0
HENRIQUE FONTANA,RS,PT,182.01
MAURO LOPES,MG,PMDB,6.0
JOSE STÉDILE,RS,PSB,50.0
JOÃO ARRUDA,PR,PMDB,-1124.66
ADELSON BARRETO,SE,PR,30.39
BENEDITA DA SILVA,RJ,PT,204.99
LINDOMAR GARÇON,RO,PRB,-730.0
ROCHA,AC,PSDB,3000.0
JÉSSICA SALES,AC,PMDB,2126.21
MARINALDO ROSENDO,PE,PSB,476.68
GIOVANI CHERINI,RS,PR,94.0
ORLANDO SILVA,SP,PCdoB,35.7
MAURO MARIANI,SC,PMDB,176.28
CABO SABINO,CE,PR,43.34
MOEMA GRAMACHO,BA,PT,350.0
RODRIGO MAIA,RJ,DEM,408.27
EDUARDO BARBOSA,MG,PSDB,130.0
MARINALDO ROSENDO,PE,PSB,49.0
JANDIRA FEGHALI,RJ,PCdoB,2665.0
ALEX CANZIANI,PR,PTB,433.58
MARINALDO ROSENDO,PE,PSB,879.69
PEDRO FERNANDES,MA,PTB,48.94
JANETE CAPIBERIBE,AP,PSB,25.7
HILDO ROCHA,MA,PMDB,422.58
ADEMIR CAMILO,MG,PTN,245.45
ZECA DIRCEU,PR,PT,28.76
CELSO JACOB,RJ,PMDB,260.35
ANGELIM,AC,PT,30.0
JOÃO PAULO PAPA,SP,PSDB,299.54
LUIZ FERNANDO FARIA,MG,PP,6531.6
BILAC PINTO,MG,PR,70.36
HIRAN GONÇALVES,RR,PP,4000.0
ANDRÉ DE PAULA,PE,PSD,170.01
HÉLIO LEITE,PA,DEM,130.0
CÍCERO ALMEIDA,AL,PMDB,6000.0
ROCHA,AC,PSDB,10.8
BRUNO COVAS,SP,PSDB,50.0
DIEGO GARCIA,PR,PHS,4.6
PAULO MALUF,SP,PP,43.41
SANDRO ALEX,PR,PSD,45.44
OSMAR SERRAGLIO,PR,PMDB,427.69
HERCULANO PASSOS,SP,PSD,19.9
MARX BELTRÃO,AL,PMDB,150.0
CAETANO,BA,PT,-29.54
ANDERSON FERREIRA,PE,PR,130.0
JÚLIA MARINHO,PA,PSC,57.6
